序号,代码,名称,最新价(元) 2026.06.26,涨跌幅(%) 2026.06.26,证券类型,涨跌幅(%) 2026.06.23,成交额(元) 2026.06.23,成交额(元) 2026.06.26,申万行业分类,股票简称,东财行业总分类,概念,涨跌额(元) 2026.06.26,最高价(元) 2026.06.26,最低价(元) 2026.06.26,换手率(%) 2026.06.26,量比 2026.06.26,成交量(股) 2026.06.26,市盈率(动)(倍) 2026.06.26,市净率(倍) 2026.06.26,总市值(元) 2026.06.26,流通市值(元) 2026.06.26
1,603986,兆易创新,770.00,-0.67,A股,-7.06,390.90亿,374.18亿,电子-半导体-数字芯片设计,兆易创新,电子-半导体-数字芯片设计,国产芯片、上证180_、贬值受益、存储芯片、标准普尔、小米概念、东方财富热股、智能穿戴、消费电子概念、HS300_、大盘成长、SRAM存储、人工智能、央视50_、科技风格、富时罗素、MCU芯片、物联网、MSCI中国、题材股、融资融券、AI眼镜、超清视频、沪股通、半导体概念、大盘股、光伏概念、长鑫存储、上证50_、人形机器人、锂电池概念、汽车芯片、传感器、无线耳机、DRAM存储、汽车电子,-5.210,779.00,732.52,7.39,0.88,4939.26万,92.45,21.8009,5403.47亿,5147.39亿
2,300308,中际旭创,1253.89,-5.25,A股,-5.23,389.64亿,444.81亿,通信-通信设备-通信网络设备及器件,中际旭创,通信-通信设备-通信网络设备及器件,国产芯片、数据中心液冷、5G概念、深证100R、贬值受益、光通信模块、深成500、节能环保、通信技术、东方财富热股、创投、HS300_、大盘成长、CPO概念、无人驾驶、中国AI 50、科技风格、富时罗素、2025年报预增、MSCI中国、激光雷达、权重股、融资融券、行业龙头、液冷概念、深股通、算力概念、F5G概念、大盘股、数据中心、创业板综、汽车电子,-69.510,1296.94,1235.13,3.18,1.18,3528.11万,60.96,40.3656,1.40万亿,1.39万亿
3,300502,新易盛,566.00,-7.29,A股,-4.82,248.86亿,352.83亿,通信-通信设备-通信网络设备及器件,新易盛,通信-通信设备-通信网络设备及器件,国产芯片、权重股、5G概念、融资融券、深证100R、西部大开发、深股通、算力概念、贬值受益、光通信模块、深成500、大盘股、通信技术、数据中心、趋势股、HS300_、大盘成长、CPO概念、创业板综、中国AI 50、科技风格、富时罗素、2025年报预增、MSCI中国,-44.490,598.00,550.00,4.93,1.27,6177.33万,70.96,40.6499,7891.49亿,7099.02亿
4,300059,东方财富,20.07,-4.93,A股,-0.33,234.94亿,127.55亿,非银金融-证券Ⅱ-证券Ⅲ,东方财富,非银金融-证券Ⅱ-证券Ⅲ,区块链、周期股、鸿蒙概念、深证100R、参股期货、证金持股、互联网保险、深成500、东方财富热股、HS300_、互联网金融、AI应用、DeepSeek概念、人工智能、富时罗素、金融地产风格、网红经济、MSCI中国、数据要素、权重股、融资融券、深股通、虚拟机器人、AIGC概念、券商概念、大盘股、互联网服务、国产软件、茅指数、创业板综、长江三角、大数据,-1.040,21.17,20.02,4.66,0.75,6.23亿,21.24,3.3683,3175.52亿,2680.01亿
5,600487,亨通光电,110.81,-9.91,A股,-2.35,219.13亿,227.20亿,通信-通信设备-通信线缆及配套,亨通光电,通信-通信设备-通信线缆及配套,国产芯片、海工装备、东方财富热股、大盘成长、无人驾驶、量子通信、富时罗素、物联网、机器人概念、题材股、军工、融资融券、液冷概念、F5G概念、特高压、网络安全、数据中心、光纤概念、智能电网、长江三角、大数据、光纤光缆、5G概念、昨日高振幅、光通信模块、新能源车、水利建设、标准普尔、华为概念、通信技术、创投、CPO概念、毫米波概念、DeepSeek概念、科技风格、海底电缆、MSCI中国、电网概念、量子科技、6G概念、沪股通、智慧城市、大盘股、小米汽车、人形机器人、一带一路、太赫兹、风能、柔性直流输电,-12.190,120.00,110.70,8.13,1.12,1.99亿,61.81,8.6115,2733.01亿,2709.51亿
6,688008,澜起科技,261.82,-6.21,A股,-7.87,205.36亿,200.75亿,电子-半导体-数字芯片设计,澜起科技,电子-半导体-数字芯片设计,国产芯片、AIPC、上证180_、贬值受益、CPU、存储芯片、AI芯片、消费电子概念、HS300_、大盘成长、中芯概念、人工智能、科技风格、富时罗素、2025年报预增、MSCI中国、云计算、数据安全、融资融券、算力概念、沪股通、半导体概念、大盘股、数据中心、上证50_、DRAM存储,-17.340,276.97,257.02,6.59,0.96,7550.02万,94.41,15.3507,3199.96亿,3001.57亿
7,688256,寒武纪,1458.00,-3.12,A股,-3.02,200.02亿,182.44亿,电子-半导体-数字芯片设计,寒武纪,电子-半导体-数字芯片设计,国产芯片、东数西算、上证180_、AI芯片、HS300_、大盘成长、边缘计算、人工智能、国产操作系统、中国AI 50、科技风格、MSCI中国、阿里概念、权重股、融资融券、2025年报扭亏、算力概念、沪股通、ASIC芯片、半导体概念、先进封装、大盘股、数据中心、上证50_、汽车芯片、阿里系算力,-47.000,1518.98,1415.00,1.98,0.77,1243.52万,226.03,74.8479,9160.51亿,9160.51亿
8,600522,中天科技,61.29,-10.00,A股,3.52,199.68亿,248.99亿,通信-通信设备-通信线缆及配套,中天科技,通信-通信设备-通信线缆及配套,国产芯片、海工装备、数字经济、上证180_、3D打印、铜缆高速连接、东方财富热股、趋势股、空芯光纤、碳纤维、OLED、央视50_、富时罗素、物联网、阿里概念、机器人概念、数据要素、题材股、中越经济一体化、融资融券、低空经济、液冷概念、商业航天、绿色电力、半导体概念、特高压、PCB、数据中心、光伏概念、铁路基建、超导概念、光纤概念、智能电网、石墨烯、海洋经济、长江三角、碳中和、大数据、光纤光缆、数据中心液冷、5G概念、东数西算、昨日高振幅、证金持股、光通信模块、新能源车、钙钛矿电池、工业互联、标准普尔、航运概念、华为概念、通信技术、创投、电池技术、HS300_、固态电池、储能概念、核能核电、CPO概念、DeepSeek概念、超级电容、科技风格、海底电缆、MSCI中国、电网概念、量子科技、6G概念、充电桩、沪股通、参股券商、大盘股、PET铜箔、新能源、氢能源、系统集成、新材料、可控核聚变、一带一路、锂电池概念、中欧经济一体化、阿里系算力、风能、参股银行、汽车电子、柔性直流输电,-6.810,66.48,61.29,11.59,1.30,3.95亿,56.91,5.5029,2091.80亿,2091.80亿
9,000725,京东方Ａ,7.79,3.59,A股,-2.31,198.95亿,356.77亿,电子-光学光电子-面板,京东方A,电子-光学光电子-面板,国产芯片、屏下摄像、LED概念、周期股、深证100R、AIPC、深成500、东方财富热股、智能穿戴、趋势股、AI应用、OLED、富时罗素、物联网、机器人概念、题材股、AB股、民营医院、融资融券、行业龙头、显示技术、超清视频、苹果概念、先进封装、光伏概念、玻璃基板、光纤概念、裸眼3D、新零售、智能医疗、MiniLED、电子纸概念、昨日高振幅、钙钛矿电池、工业互联、标准普尔、柔性屏、华为概念、小米概念、长安汽车概念、消费电子概念、HS300_、巨量转移、MicroLED、央国企改革、百日新高 、荣耀概念、CPO概念、人工智能、混合现实、科技风格、MSCI中国、医疗器械概念、AI眼镜、深股通、近期新高、虚拟电厂、充电桩、医美概念、虚拟现实、智能座舱、智慧城市、大盘股、UWB概念、电子竞技、传感器、光伏建筑一体化,0.270,8.24,7.36,12.79,1.27,45.25亿,42.26,2.1531,2885.75亿,2755.10亿
10,600584,长电科技,100.89,-3.15,A股,-5.63,195.26亿,352.29亿,电子-半导体-集成电路封测,长电科技,电子-半导体-集成电路封测,国产芯片、IGBT概念、昨日高振幅、上证180_、贬值受益、国家大基金持股、第三代半导体、存储芯片、标准普尔、最近多板、通信技术、东方财富热股、昨日高换手、智能穿戴、消费电子概念、HS300_、中芯概念、高带宽内存、央国企改革、CPO概念、毫米波概念、人工智能、无人驾驶、科技风格、富时罗素、物联网、MSCI中国、机器人概念、题材股、华为海思、融资融券、沪股通、绿色电力、半导体概念、先进封装、大盘股、苹果概念、玻璃基板、新材料、生物识别、汽车芯片、先进封装设备、长江三角、汽车电子,-3.280,109.33,100.68,18.77,1.57,3.36亿,155.49,6.3152,1805.34亿,1805.34亿
11,002384,东山精密,260.32,-5.61,A股,-5.74,186.27亿,181.83亿,电子-元件-印制电路板,东山精密,电子-元件-印制电路板,国产芯片、光芯片、LED概念、5G概念、周期股、深证100R、高压快充、贬值受益、光通信模块、新能源车、标准普尔、深成500、华为概念、小米概念、通信技术、创投、消费电子概念、智能穿戴、HS300_、2026一季报预增、CPO概念、OLED、科技风格、富时罗素、MSCI中国、机器人概念、AI手机、融资融券、深股通、大盘股、苹果概念、PCB、数据中心、人形机器人、光纤概念、服务器PCB、长江三角、MiniLED、特斯拉概念,-15.480,271.88,256.00,4.98,0.91,6907.75万,107.40,21.0624,4768.04亿,3608.87亿
12,601138,工业富联,70.22,-8.79,A股,-6.06,183.13亿,189.33亿,电子-消费电子-消费电子零部件及组装,工业富联,电子-消费电子-消费电子零部件及组装,国产芯片、数据中心液冷、区块链、5G概念、两岸合作、东数西算、昨日高振幅、上证180_、新能源车、车联网、工业互联、标准普尔、深圳特区、新型工业化、创投、HS300_、UQD连接器、算力租赁、CPO概念、独角兽、人工智能、科技风格、富时罗素、富士康概念、2025年报预增、物联网、MSCI中国、阿里概念、机器人概念、云计算、权重股、融资融券、医疗器械概念、行业龙头、液冷概念、算力概念、虚拟现实、沪股通、智慧城市、大盘股、苹果概念、数据中心、英伟达概念、海峡两岸、大数据,-6.770,75.00,70.00,1.32,0.95,2.62亿,32.88,7.9075,1.39万亿,1.39万亿
13,002475,立讯精密,68.00,-8.63,A股,1.40,181.10亿,233.14亿,电子-消费电子-消费电子零部件及组装,立讯精密,电子-消费电子-消费电子零部件及组装,国产芯片、周期股、DAC无源铜缆、深证100R、贬值受益、3D摄像头、深圳特区、深成500、铜缆高速连接、智能穿戴、CDU、无人驾驶、富时罗素、无线充电、机器人概念、融资融券、液冷概念、商业航天、苹果概念、智能音箱、数据中心、无线耳机、粤港澳大湾区、5G概念、电子烟、证金持股、转债标的、光通信模块、新能源车、标准普尔、华为概念、通信技术、消费电子概念、HS300_、智能家居、CPO概念、毫米波概念、混合现实、科技风格、HUD抬头显示、MSCI中国、权重股、AI眼镜、深股通、充电桩、虚拟现实、智能座舱、华为手机、大盘股、机器视觉、人形机器人、茅指数、海峡两岸、汽车电子,-6.420,71.50,67.05,4.66,1.26,3.40亿,34.00,5.6324,4976.42亿,4965.04亿
14,300476,胜宏科技,319.55,-8.74,A股,-7.44,180.44亿,180.16亿,电子-元件-印制电路板,胜宏科技,电子-元件-印制电路板,国产芯片、粤港澳大湾区、5G概念、周期股、东数西算、深证100R、乡村振兴、AIPC、贬值受益、新能源车、深成500、小米概念、通信技术、HS300_、大盘成长、摩尔链、CPO概念、OLED、科技风格、富时罗素、富士康概念、2025年报预增、物联网、MSCI中国、机器人概念、AI手机、权重股、融资融券、行业龙头、深股通、虚拟现实、大盘股、PCB、数据中心、英伟达概念、光伏概念、人形机器人、智能电网、海峡两岸、创业板综、汽车电子、特斯拉概念,-30.610,341.00,318.98,6.36,1.16,5505.52万,60.94,20.0492,3140.49亿,2764.73亿
15,002008,大族激光,151.27,-1.00,A股,9.99,172.37亿,199.61亿,机械设备-自动化设备-激光设备,大族激光,机械设备-自动化设备-激光设备,国产芯片、火箭发射、中盘股、钙钛矿设备、3D打印、深圳特区、深成500、存储芯片、新型工业化、宁德时代概念、OLED、央视50_、富时罗素、物联网、机器人概念、MicroLED设备、融资融券、中盘成长、昨日触板、商业航天、半导体概念、苹果概念、先进封装、PCB、光伏概念、玻璃基板、光纤概念、先进封装材料、昨日炸板、机器人执行器、MiniLED、粤港澳大湾区、工业母机、昨日高振幅、证金持股、新能源车、钙钛矿电池、第三代半导体、标准普尔、先进制造风格、华为概念、小米概念、TOPCON电池、电池技术、消费电子概念、固态电池、巨量转移、MicroLED、光刻机/胶、混合现实、富士康概念、MSCI中国、AI眼镜、深股通、中证500、蓝箭航天、银河通用、机器视觉、锂电池概念、比亚迪概念、HJT电池、3D打印设备、高端装备、先进封装设备、电池设备、减速器、TOPCon电池、特斯拉概念,-1.530,168.08,151.00,13.19,1.25,1.26亿,109.97,7.6114,1557.48亿,1447.24亿
16,600183,生益科技,178.50,-4.65,A股,-9.01,171.18亿,126.98亿,电子-元件-印制电路板,生益科技,电子-元件-印制电路板,国产芯片、5G概念、周期股、上证180_、新能源车、光通信模块、存储芯片、标准普尔、华为概念、通信技术、趋势股、HS300_、大盘成长、2025三季报预增、CPO概念、毫米波概念、科技风格、富时罗素、2025年报预增、MSCI中国、题材股、融资融券、沪股通、商业航天、大盘股、先进封装、PCB、上证50_、先进封装材料、汽车电子、MiniLED,-8.700,182.30,171.69,2.99,0.84,7147.70万,93.60,27.1262,4335.98亿,4274.19亿
17,688525,佰维存储,501.05,4.32,A股,-4.14,155.47亿,224.48亿,电子-半导体-数字芯片设计,佰维存储,电子-半导体-数字芯片设计,国产芯片、粤港澳大湾区、专精特新、AIPC、上证180_、国家大基金持股、存储芯片、小米概念、华为概念、东方财富热股、智能穿戴、消费电子概念、趋势股、大盘成长、信创、百日新高 、科技风格、2025年报预增、MSCI中国、阿里概念、AI手机、机器人概念、题材股、融资融券、AI眼镜、近期新高、沪股通、半导体概念、先进封装、大盘股、数据中心、历史新高 、人形机器人、比亚迪概念、股权激励、汽车芯片、DRAM存储,20.750,517.00,465.20,9.85,1.08,4647.11万,20.38,28.0037,2362.78亿,2362.78亿
18,300750,宁德时代,381.00,-5.20,A股,-4.03,149.58亿,181.34亿,电力设备-电池-锂电池,宁德时代,电力设备-电池-锂电池,钠离子电池、周期股、深证100R、新能源车、深成500、宁德时代概念、先进制造风格、华为概念、长安汽车概念、电池技术、HS300_、固态电池、储能概念、蚂蚁概念、富时罗素、MSCI中国、动力电池回收、宁组合、权重股、融资融券、行业龙头、华为汽车、深股通、大盘股、麒麟电池、小米汽车、换电概念、锂电池概念、茅指数、创业板综、锂矿概念、特斯拉概念,-20.900,409.81,381.00,1.09,1.15,4652.53万,21.25,5.3937,1.76万亿,1.62万亿
19,002428,云南锗业,120.48,-7.39,A股,1.29,147.39亿,122.88亿,有色金属-小金属-其他小金属,云南锗业,有色金属-小金属-其他小金属,国产芯片、中盘股、西部大开发、昨日高振幅、光通信模块、第三代半导体、深成500、华为概念、通信技术、东方财富热股、昨日高换手、小金属概念、富时罗素、题材股、军工、稀缺资源、融资融券、深股通、中盘成长、2025年报预减、商业航天、金属回收、半导体概念、光伏概念、氟化工概念、卫星导航、光纤概念,-9.620,132.86,118.54,15.20,1.05,9926.25万,2160.07,53.7977,786.88亿,786.78亿
20,000657,中钨高新,99.51,-5.84,A股,-5.38,147.07亿,96.92亿,有色金属-小金属-钨,中钨高新,有色金属-小金属-钨,周期股、工业母机、深证100R、乡村振兴、昨日高振幅、海南自贸、金属钴、雅下水电概念、深成500、创投、趋势股、HS300_、2026一季报预增、央国企改革、DeepSeek概念、小金属概念、富时罗素、中字头、MSCI中国、题材股、军工、金属铜、医疗器械概念、融资融券、深股通、养老金、金属回收、大盘股、PCB、光伏概念、新材料、可控核聚变、金属钨、高端装备、盾构机,-6.170,109.68,99.00,6.45,0.87,9369.42万,61.54,22.3173,2267.44亿,1445.81亿
21,300394,天孚通信,318.00,-7.01,A股,-4.62,144.30亿,156.62亿,通信-通信设备-通信网络设备及器件,天孚通信,通信-通信设备-通信网络设备及器件,专精特新、5G概念、深证100R、贬值受益、深成500、华为概念、通信技术、HS300_、大盘成长、CPO概念、无人驾驶、科技风格、富时罗素、2025年报预增、MSCI中国、融资融券、深股通、算力概念、大盘股、MPO连接器、先进封装、数据中心、英伟达概念、光纤概念、创业板综,-23.970,334.68,316.80,4.43,0.86,4819.33万,176.18,63.4531,3468.82亿,3461.07亿
22,300475,香农芯创,301.00,-1.71,A股,-1.49,141.50亿,134.01亿,电子-其他电子Ⅱ-其他电子Ⅲ,香农芯创,电子-其他电子Ⅱ-其他电子Ⅲ,国产芯片、粤港澳大湾区、中盘股、融资融券、东数西算、行业龙头、深股通、贬值受益、抖音概念、中盘成长、中证500、半导体概念、存储芯片、深成500、芯片分销、数据中心、腾讯概念、高带宽内存、2026一季报预增、创业板综、科技风格、2025年报预增、MSCI中国、阿里概念,-5.250,317.88,298.53,9.71,0.87,4369.65万,26.62,28.6458,1413.32亿,1354.61亿
23,601899,XD紫金矿,25.10,-1.72,A股,-8.84,140.86亿,89.39亿,有色金属-工业金属-铜,紫金矿业,有色金属-工业金属-铜,周期股、上证180_、证金持股、贬值受益、金属钴、黄金加工、标准普尔、黄金开采、金属锌、HS300_、盐湖提锂、央国企改革、金属铅、小金属概念、富时罗素、2025年报预增、MSCI中国、黄金概念、金属铜、福建自贸区、权重股、稀缺资源、融资融券、行业龙头、沪股通、大盘股、氢能源、铜矿、上证50_、一带一路、锂电池概念、锂矿概念,-0.440,25.90,24.86,1.71,0.84,3.53亿,8.31,3.5225,6674.27亿,5171.05亿
24,600176,中国巨石,74.12,4.69,A股,0.94,140.52亿,166.28亿,建筑材料-玻璃玻纤-玻纤制造,中国巨石,建筑材料-玻璃玻纤-玻纤制造,周期股、昨日高振幅、上证180_、标准普尔、东方财富热股、HS300_、2026一季报预增、央国企改革、百日新高 、DeepSeek概念、中字头、富时罗素、PEEK材料概念、MSCI中国、题材股、融资融券、行业龙头、近期新高、养老金、沪股通、电子布、大盘股、PCB、光伏概念、新材料、历史新高 、一带一路、中欧经济一体化、风能、长江三角,3.320,77.20,70.12,5.67,1.04,2.27亿,58.54,9.4095,2967.13亿,2967.13亿
25,301308,江波龙,679.60,0.34,A股,-3.27,133.30亿,166.00亿,电子-半导体-数字芯片设计,江波龙,电子-半导体-数字芯片设计,国产芯片、专精特新、深证100R、AIPC、国家大基金持股、贬值受益、长江存储、存储芯片、深成500、华为概念、小米概念、东方财富热股、消费电子概念、智能穿戴、HS300_、AI手机结构件、信创、科技风格、2025年报预增、MSCI中国、AI手机、机器人概念、华为鲲鹏、数据安全、融资融券、AI眼镜、深股通、智能座舱、半导体概念、大盘股、先进封装、数据中心、长鑫存储、小米汽车、创业板综、DRAM存储、EDR概念,2.300,690.50,650.00,8.78,1.06,2475.81万,18.61,24.1484,2875.12亿,1915.47亿
26,688981,中芯国际,148.76,-5.16,A股,-2.67,132.12亿,161.72亿,电子-半导体-集成电路制造,中芯国际,电子-半导体-集成电路制造,国产芯片、权重股、融资融券、行业龙头、上证180_、国家大基金持股、沪股通、半导体概念、存储芯片、大盘股、消费电子概念、HS300_、上证50_、中芯概念、科创板做市股、茅指数、中国AI 50、科技风格、OLED、物联网、MSCI中国、汽车电子、上海自贸,-8.100,156.22,146.50,5.38,0.92,1.08亿,233.89,8.5009,1.27万亿,2974.55亿
27,601869,长飞光纤,543.00,-5.57,A股,10.00,129.29亿,86.05亿,通信-通信设备-通信线缆及配套,长飞光纤,通信-通信设备-通信线缆及配套,国产芯片、光纤光缆、专精特新、5G概念、海工装备、东数西算、昨日高振幅、光通信模块、新能源车、抖音概念、工业互联、第三代半导体、标准普尔、铜缆高速连接、通信技术、趋势股、创投、空芯光纤、CPO概念、量子通信、科技风格、富时罗素、MSCI中国、量子科技、机器人概念、融资融券、超清视频、上证380、中证500、沪股通、特高压、大盘股、碳化硅、数据中心、人形机器人、光纤概念、一带一路、智能电网、太赫兹、风能,-32.000,582.00,533.00,3.84,0.92,1558.35万,226.99,31.5876,4495.52亿,2206.42亿
28,001309,德明利,951.00,6.73,A股,2.43,129.04亿,199.76亿,电子-半导体-数字芯片设计,德明利,电子-半导体-数字芯片设计,国产芯片、光芯片、粤港澳大湾区、专精特新、5G概念、AIPC、昨日高振幅、2026一季报扭亏、贬值受益、长江存储、存储芯片、深成500、最近多板、通信技术、东方财富热股、智能穿戴、大盘成长、信创、中芯概念、百日新高 、CPO概念、人工智能、科技风格、2025年报预增、MSCI中国、题材股、融资融券、深股通、近期新高、中证500、半导体概念、大盘股、数据中心、历史新高 、汽车电子,60.000,980.00,872.31,13.56,1.26,2187.35万,16.12,32.5711,2157.30亿,1534.21亿
29,300274,阳光电源,151.05,-1.05,A股,-7.01,127.77亿,117.24亿,电力设备-光伏设备-逆变器,阳光电源,电力设备-光伏设备-逆变器,周期股、深证100R、数字经济、新能源车、深成500、宁德时代概念、先进制造风格、HS300_、大盘成长、储能概念、富时罗素、MSCI中国、阿里概念、宁组合、权重股、融资融券、行业龙头、充电桩、深股通、虚拟电厂、储能变流器、大盘股、数据中心、光伏概念、氢能源、系统集成、茅指数、创业板综、光伏逆变器、风能,-1.610,159.98,150.40,4.77,1.01,7577.90万,34.17,6.6291,3131.59亿,2397.96亿
30,000988,华工科技,160.94,-7.28,A股,-6.30,127.38亿,110.14亿,机械设备-自动化设备-激光设备,华工科技,机械设备-自动化设备-激光设备,国产芯片、全息技术、深证100R、乡村振兴、高压快充、3D打印、深成500、存储芯片、铜缆高速连接、AI智能体、新型工业化、宁德时代概念、东方财富热股、大盘成长、腾讯概念、农机、2026一季报预增、独角兽、量子通信、富时罗素、物联网、基因测序、阿里概念、机器人概念、数据要素、航空发动机、融资融券、华为汽车、F5G概念、商业航天、半导体概念、苹果概念、先进封装、PCB、华为系算力、玻璃基板、卫星导航、汽车热管理、湖北三资改革、湖北自贸、MiniLED、光芯片、专精特新、5G概念、工业母机、东数西算、昨日高振幅、光通信模块、新能源车、钙钛矿电池、第三代半导体、工业互联、标准普尔、柔性屏、先进制造风格、华为概念、通信技术、长安汽车概念、创投、HS300_、MicroLED、央国企改革、智能家居、百度概念、CPO概念、DeepSeek概念、MSCI中国、量子科技、6G概念、大飞机、数字孪生、移动支付、充电桩、深股通、智能座舱、智慧城市、大盘股、蓝宝石、IPO受益、氢能源、新材料、锂电池概念、比亚迪概念、6G元器件、高端装备、传感器、汽车电子、3D玻璃、特斯拉概念,-12.640,171.87,160.00,6.65,0.92,6679.32万,63.37,14.1474,1618.26亿,1617.42亿
31,300604,长川科技,314.90,1.58,A股,4.06,127.02亿,112.88亿,电子-半导体-半导体设备,长川科技,电子-半导体-半导体设备,国产芯片、专精特新、融资融券、两岸合作、深股通、国家大基金持股、中证500、半导体概念、存储芯片、深成500、大盘股、东方财富热股、大盘成长、2025三季报预增、海峡两岸、创业板综、科技风格、2025年报预增、MSCI中国,4.910,332.00,310.95,7.18,1.06,3515.54万,141.67,39.7196,1997.78亿,1541.35亿
32,688012,中微公司,413.00,3.48,A股,-0.27,124.17亿,131.53亿,电子-半导体-半导体设备,中微公司,电子-半导体-半导体设备,国产芯片、LED概念、区块链、上证180_、国家大基金持股、工业互联、存储芯片、HS300_、大盘成长、中芯概念、高带宽内存、科创板做市股、百日新高 、科技风格、富时罗素、MSCI中国、宁组合、融资融券、近期新高、沪股通、半导体概念、大盘股、先进封装、上证50_、历史新高 、股权激励、先进封装设备、长江三角、MiniLED,13.870,423.80,393.24,3.41,1.08,3195.23万,105.71,15.2755,3934.59亿,3891.27亿
33,300285,国瓷材料,102.81,4.48,A股,-8.21,121.15亿,141.96亿,电子-电子化学品Ⅱ-电子化学品Ⅲ,国瓷材料,电子-电子化学品Ⅱ-电子化学品Ⅲ,国产芯片、中盘股、5G概念、昨日高振幅、新能源车、3D打印、深成500、节能环保、宁德时代概念、东方财富热股、电池技术、趋势股、消费电子概念、固态电池、百日新高 、CPO概念、科技风格、富时罗素、牙科医疗、MLCC、题材股、融资融券、深股通、近期新高、中盘成长、中证500、商业航天、蓝宝石、被动元件概念、氢能源、新材料、历史新高 、卫星导航、比亚迪概念、锂电池概念、创业板综,4.410,105.99,93.87,16.55,0.99,1.41亿,180.13,14.4153,1025.07亿,877.66亿
34,002281,光迅科技,240.34,-8.08,A股,-3.33,117.57亿,135.28亿,通信-通信设备-通信网络设备及器件,光迅科技,通信-通信设备-通信网络设备及器件,国产芯片、光芯片、5G概念、东数西算、昨日高振幅、OCS交换机、光通信模块、抖音概念、标准普尔、深成500、华为概念、通信技术、大盘成长、腾讯概念、央国企改革、百度概念、CPO概念、量子通信、科技风格、富时罗素、MSCI中国、阿里概念、量子科技、激光雷达、6G概念、融资融券、液冷概念、深股通、字节系算力、量子测量、中证500、F5G概念、大盘股、先进封装、华为系算力、数据中心、一带一路、光纤概念、6G元器件、湖北三资改革、湖北自贸,-21.120,256.27,237.00,7.07,1.10,5518.18万,207.24,14.3866,1988.97亿,1875.85亿
35,002463,沪电股份,147.28,-4.97,A股,-4.65,116.31亿,121.99亿,电子-元件-印制电路板,沪电股份,电子-元件-印制电路板,国产芯片、5G概念、周期股、深证100R、昨日高振幅、贬值受益、新能源车、标准普尔、深成500、华为概念、通信技术、趋势股、污水处理、HS300_、大盘成长、2026一季报预增、毫米波概念、无人驾驶、科技风格、富时罗素、MSCI中国、融资融券、深股通、台资控股、大盘股、PCB、数据中心、海峡两岸、服务器PCB、汽车电子、通信PCB,-7.710,155.25,143.26,4.27,0.95,8212.34万,57.05,17.9066,2834.20亿,2831.92亿
36,600111,北方稀土,47.26,-3.94,A股,-7.76,116.30亿,50.13亿,有色金属-小金属-稀土,北方稀土,有色金属-小金属-稀土,专精特新、周期股、西部大开发、上证180_、标准普尔、电池技术、HS300_、2025三季报预增、2026一季报预增、央国企改革、小金属概念、富时罗素、2025年报预增、MSCI中国、军工、稀土永磁、稀缺资源、融资融券、行业龙头、沪股通、金属回收、大盘股、冶炼分离、稀土开采、氢能源、上证50_、新材料、锂电池概念,-1.940,48.89,47.08,2.90,0.59,1.05亿,46.54,6.8030,1708.48亿,1708.48亿
37,600498,烽火通信,76.22,-10.00,A股,0.23,114.25亿,92.10亿,通信-通信设备-通信网络设备及器件,烽火通信,通信-通信设备-通信网络设备及器件,国产芯片、国资云概念、中盘股、海工装备、AI智能体、空芯光纤、华为昇腾、富时罗素、华为鲲鹏、数据要素、题材股、智慧政务、融资融券、液冷概念、中盘成长、上证380、F5G概念、商业航天、特高压、网络安全、华为系算力、数据中心、卫星导航、光纤概念、汽车芯片、智能医疗、湖北三资改革、大数据、湖北自贸、光纤光缆、数据中心液冷、5G概念、东数西算、IPv6、昨日高振幅、光通信模块、数字乡村、标准普尔、通信技术、创投、央国企改革、CPO概念、DeepSeek概念、人工智能、科技风格、MCU芯片、MSCI中国、卫星互联网、云计算、数据安全、6G概念、算力概念、中证500、沪股通、智慧城市、一带一路、中特估、WiFi6,-8.470,83.98,76.22,9.27,0.95,1.18亿,674.09,5.8911,1035.20亿,969.23亿
38,688041,海光信息,344.90,-4.27,A股,-3.10,111.97亿,138.18亿,电子-半导体-数字芯片设计,海光信息,电子-半导体-数字芯片设计,国产芯片、专精特新、东数西算、上证180_、抖音概念、CPU、水利建设、GPU、AI芯片、HS300_、大盘成长、腾讯概念、信创、百度概念、DeepSeek概念、人工智能、中国AI 50、科技风格、MSCI中国、阿里概念、量子科技、权重股、融资融券、算力概念、沪股通、半导体概念、大盘股、上证50_、阿里系算力,-15.380,358.00,337.93,1.71,0.83,3977.07万,291.69,34.6300,8016.64亿,8016.64亿
39,002837,英维克,82.57,-5.08,A股,5.41,111.89亿,63.35亿,机械设备-专用设备-其他专用设备,英维克,机械设备-专用设备-其他专用设备,粤港澳大湾区、5G概念、东数西算、深证100R、新能源车、抖音概念、深圳特区、深成500、先进制造风格、华为概念、通信技术、HS300_、大盘成长、UQD连接器、腾讯概念、储能概念、CDU、中国AI 50、MSCI中国、阿里概念、军工、融资融券、液冷概念、充电桩、深股通、字节系算力、大盘股、数据中心、英伟达概念、比亚迪概念、腾讯云、高铁、冷链物流,-4.420,85.58,81.00,6.73,0.78,7607.26万,3038.46,31.8901,1052.23亿,933.42亿
40,600030,中信证券,27.74,-4.28,A股,-1.12,111.78亿,82.05亿,非银金融-证券Ⅱ-证券Ⅲ,中信证券,非银金融-证券Ⅱ-证券Ⅲ,权重股、周期股、融资融券、行业龙头、参股期货、上证180_、证金持股、沪股通、券商概念、标准普尔、深圳特区、大盘股、华为概念、HS300_、上证50_、互联网金融、科创板做市商、富时罗素、金融地产风格、MSCI中国、参股银行,-1.240,29.16,27.71,2.38,0.82,2.90亿,10.06,1.4403,4111.22亿,3377.78亿
41,603993,洛阳钼业,17.24,-4.59,A股,-9.98,111.27亿,59.21亿,有色金属-工业金属-铜,洛阳钼业,有色金属-工业金属-铜,镍矿、周期股、昨日高振幅、上证180_、贬值受益、金属钴、标准普尔、宁德时代概念、黄金开采、HS300_、盐湖提锂、磷化工、小金属概念、钴矿、富时罗素、2025年报预增、MSCI中国、黄金概念、金属铜、权重股、稀缺资源、融资融券、沪股通、大盘股、金属镍、铜矿、上证50_、金属钨,-0.830,18.42,17.16,1.93,0.68,3.37亿,11.88,4.4574,3688.38亿,3010.25亿
42,600549,厦门钨业,84.50,-1.58,A股,-9.60,110.63亿,80.77亿,有色金属-小金属-钨,厦门钨业,有色金属-小金属-钨,昨日高振幅、上证180_、金属钴、标准普尔、宁德时代概念、电池技术、趋势股、HS300_、固态电池、央国企改革、独角兽、小金属概念、富时罗素、MLCC、MSCI中国、机器人概念、动力电池回收、军工、稀土永磁、福建自贸区、稀缺资源、融资融券、无人机、偏滤器、沪股通、商业航天、大盘股、稀土开采、氢能源、光伏概念、新材料、可控核聚变、金属钨、锂电池概念、海峡两岸,-1.360,89.68,83.62,6.03,0.78,9367.33万,30.30,7.5941,1341.51亿,1313.07亿
43,600703,三安光电,21.73,0.28,A股,2.80,110.06亿,120.74亿,电子-光学光电子-LED,三安光电,电子-光学光电子-LED,国产芯片、LED概念、周期股、数字经济、国家大基金持股、氮化镓、东方财富热股、大盘成长、无人驾驶、富时罗素、题材股、融资融券、低空经济、华为汽车、太空光伏、商业航天、金属回收、半导体概念、碳化硅、苹果概念、先进封装、数据中心、光伏概念、卫星导航、汽车芯片、MiniLED、光芯片、5G概念、昨日高振幅、光通信模块、新能源车、第三代半导体、标准普尔、小米概念、通信技术、消费电子概念、巨量转移、MicroLED、荣耀概念、CPO概念、科技风格、MSCI中国、安防概念、福建自贸区、宁组合、AI眼镜、充电桩、沪股通、大盘股、蓝宝石、MicroLED芯片、比亚迪概念、海峡两岸、植物照明,0.060,23.18,21.41,10.89,1.26,5.43亿,401.57,3.1063,1084.11亿,1084.11亿
44,002407,多氟多,41.51,-5.21,A股,-2.02,108.97亿,71.95亿,基础化工-化学制品-氟化工,多氟多,基础化工-化学制品-氟化工,钠离子电池、国产芯片、六氟磷酸锂、中盘股、昨日高振幅、化工原料、新能源车、第三代半导体、工业互联、标准普尔、深成500、存储芯片、东方财富热股、创投、昨日高换手、电池技术、固态电池、储能概念、核能核电、中芯概念、PVDF概念、独角兽、富时罗素、动力电池回收、中盘价值、数字孪生、融资融券、2025年报扭亏、深股通、中证500、硅能源、半导体概念、氟化工概念、新材料、锂电池概念、比亚迪概念、氢氟酸、股权激励、特斯拉概念,-2.280,44.68,41.35,15.57,0.80,1.68亿,32.90,5.7868,494.15亿,447.80亿
45,300033,同花顺,242.00,-6.56,A股,1.09,106.56亿,66.93亿,计算机-软件开发-垂直应用软件,同花顺,计算机-软件开发-垂直应用软件,区块链、多模态AI、鸿蒙概念、深证100R、证金持股、深成500、AI智能体、HS300_、大盘成长、互联网金融、AI应用、人工智能、科技风格、富时罗素、2025年报预增、AI语料、MSCI中国、云计算、数据要素、融资融券、行业龙头、深股通、虚拟机器人、AIGC概念、ChatGPT概念、券商概念、大盘股、国产软件、创业板综、智能医疗、长江三角、大数据,-17.000,259.47,241.26,6.14,0.83,2692.82万,177.91,42.8779,1821.39亿,1060.95亿
46,300433,蓝思科技,55.59,-0.23,A股,-0.91,103.01亿,103.38亿,电子-消费电子-消费电子零部件及组装,蓝思科技,电子-消费电子-消费电子零部件及组装,深证100R、AIPC、贬值受益、3D打印、深成500、宁德时代概念、新型工业化、智能穿戴、趋势股、太空算力、蚂蚁概念、OLED、富时罗素、机器人概念、题材股、融资融券、人脑工程、光伏玻璃、液冷概念、太空光伏、商业航天、苹果概念、先进封装、光伏概念、玻璃基板、光纤概念、无线耳机、电子烟、元宇宙概念、新能源车、灵巧手、工业互联、柔性屏、华为概念、小米概念、TOPCON电池、消费电子概念、HS300_、AI手机结构件、越疆机器人、智能家居、荣耀概念、混合现实、科技风格、MSCI中国、AI手机、AI眼镜、充电桩、深股通、虚拟现实、智能座舱、大盘股、蓝宝石、新材料、人形机器人、小米汽车、比亚迪概念、创业板综、减速器、智能物流、传感器、汽车电子、3D玻璃、特斯拉概念,-0.130,57.48,53.00,3.74,0.89,1.86亿,-490.38,5.6020,2934.45亿,2762.66亿
47,300408,三环集团,160.05,-2.18,A股,-6.80,100.48亿,119.36亿,电子-元件-被动元件,三环集团,电子-元件-被动元件,5G概念、周期股、深证100R、证金持股、燃料电池概念、光通信模块、深成500、华为概念、小米概念、通信技术、智能穿戴、电池技术、趋势股、消费电子概念、HS300_、大盘成长、CPO概念、科技风格、富时罗素、MLCC、MSCI中国、融资融券、深股通、大盘股、被动元件概念、数据中心、新材料、光纤概念、创业板综、SOFC,-3.570,164.49,154.90,4.00,0.98,7481.57万,96.96,14.2425,3067.35亿,2992.62亿
48,002156,通富微电,71.60,-7.98,A股,-3.97,98.64亿,146.24亿,电子-半导体-集成电路封测,通富微电,电子-半导体-集成电路封测,国产芯片、AIPC、昨日高振幅、贬值受益、国家大基金持股、第三代半导体、存储芯片、标准普尔、深成500、华为概念、通信技术、东方财富热股、智能穿戴、消费电子概念、创投、大盘成长、CPO概念、毫米波概念、科技风格、富时罗素、2025年报预增、物联网、MSCI中国、华为海思、移动支付、融资融券、深股通、智能座舱、半导体概念、先进封装、大盘股、碳化硅、玻璃基板、比亚迪概念、海峡两岸、汽车芯片、长江三角、传感器、汽车电子、特斯拉概念,-6.210,77.83,71.56,12.97,1.07,1.97亿,82.55,6.9943,1086.60亿,1086.50亿
49,688498,源杰科技,1776.91,-5.23,A股,-2.95,97.64亿,86.93亿,电子-半导体-分立器件,源杰科技,电子-半导体-分立器件,国产芯片、光芯片、融资融券、5G概念、西部大开发、2025年报扭亏、光通信模块、上证380、中证500、沪股通、半导体概念、大盘股、华为概念、通信技术、数据中心、趋势股、大盘成长、光纤概念、CPO概念、科技风格、汽车芯片、MSCI中国,-98.090,1834.72,1730.00,3.96,1.08,486.20万,308.21,89.7556,2212.26亿,2183.68亿
50,300223,北京君正,233.21,-1.75,A股,0.65,95.49亿,137.41亿,电子-半导体-数字芯片设计,北京君正,电子-半导体-数字芯片设计,国产芯片、中盘股、区块链、鸿蒙概念、贬值受益、抖音概念、CPU、3D打印、存储芯片、深成500、小米概念、最近多板、智能穿戴、消费电子概念、京津冀一体化、SRAM存储、智能家居、毫米波概念、人工智能、无人驾驶、OLED、科技风格、富时罗素、MCU芯片、物联网、MSCI中国、人脸识别、机器人概念、题材股、安防概念、融资融券、AI眼镜、深股通、超清视频、智能座舱、中证500、半导体概念、智能音箱、机器视觉、3D打印设备、创业板综、汽车芯片、传感器、DRAM存储、汽车电子、MiniLED,-4.150,242.00,229.00,13.83,1.11,5831.40万,88.40,8.8973,1127.95亿,983.43亿
51,300857,协创数据,332.47,-2.78,A股,-3.25,94.40亿,70.52亿,电子-消费电子-消费电子零部件及组装,协创数据,电子-消费电子-消费电子零部件及组装,国产芯片、贬值受益、网络游戏、短剧互动游戏、存储芯片、深圳特区、深成500、AI智能体、智能穿戴、大盘成长、腾讯概念、2026一季报预增、AI应用、物联网、阿里概念、云游戏、机器人概念、融资融券、AIGC概念、智能音箱、数据中心、英伟达概念、大数据、光芯片、粤港澳大湾区、东数西算、5G概念、光通信模块、车联网、小米概念、通信技术、消费电子概念、跨境电商、算力租赁、智能家居、CPO概念、DeepSeek概念、人工智能、科技风格、2025年报预增、MSCI中国、人脸识别、云计算、安防概念、AI眼镜、深股通、算力概念、中证500、净水概念、大盘股、人形机器人、创业板综、汽车电子、EDR概念,-9.510,345.28,326.01,4.33,0.68,2109.33万,54.21,31.7829,1626.99亿,1618.66亿
52,002436,兴森科技,51.81,-3.21,A股,-9.01,91.34亿,74.22亿,电子-元件-印制电路板,兴森科技,电子-元件-印制电路板,国产芯片、粤港澳大湾区、中盘股、5G概念、昨日高振幅、光通信模块、标准普尔、深圳特区、深成500、存储芯片、华为概念、军民融合、通信技术、互联网金融、高带宽内存、毫米波概念、CPO概念、科技风格、富时罗素、机器人概念、卫星互联网、军工、6G概念、低空经济、融资融券、2025年报扭亏、深股通、中证500、商业航天、半导体概念、先进封装、PCB、玻璃基板、6G元器件、先进封装材料、通信PCB,-1.720,54.79,49.92,9.36,0.74,1.42亿,1174.47,16.6579,880.60亿,786.44亿
53,600105,永鼎股份,65.71,-9.94,A股,-1.90,89.52亿,103.21亿,通信-通信设备-通信线缆及配套,永鼎股份,通信-通信设备-通信线缆及配套,国产芯片、光纤光缆、光芯片、专精特新、中盘股、5G概念、海工装备、东数西算、昨日高振幅、光通信模块、新能源车、工业互联、3D打印、磁悬浮概念、标准普尔、华为概念、通信技术、东方财富热股、趋势股、核能核电、CPO概念、科技风格、富时罗素、超导材料、2025年报预增、MSCI中国、题材股、数据安全、军工、融资融券、低空经济、华为汽车、中盘成长、中证500、沪股通、商业航天、网络安全、数据中心、超导概念、可控核聚变、一带一路、光纤概念、比亚迪概念、3D打印设备、长江三角、风能、参股银行、大数据,-7.250,73.90,65.66,10.43,1.09,1.52亿,151.22,29.1443,960.68亿,960.68亿
54,000636,风华高科,78.50,-1.41,A股,-3.80,88.60亿,111.87亿,电子-元件-被动元件,风华高科,电子-元件-被动元件,粤港澳大湾区、中盘股、5G概念、东数西算、高压快充、深成500、华为概念、最近多板、通信技术、东方财富热股、电池技术、趋势股、创投、智能穿戴、央国企改革、CPO概念、超级电容、科技风格、小金属概念、MLCC、机器人概念、题材股、融资融券、低空经济、AI眼镜、液冷概念、深股通、虚拟机器人、无人机、中盘成长、商业航天、被动元件概念、光伏概念、卫星导航、锂电池概念、比亚迪概念、传感器、汽车电子,-1.120,80.53,77.34,12.27,1.02,1.42亿,256.40,7.2760,908.26亿,908.26亿
55,603083,剑桥科技,245.92,-5.56,A股,1.01,87.61亿,59.84亿,通信-通信设备-通信终端及配件,剑桥科技,通信-通信设备-通信终端及配件,中盘股、5G概念、昨日高振幅、贬值受益、光通信模块、工业互联、新型工业化、华为概念、通信技术、信创、智能家居、边缘计算、CPO概念、科技风格、2025年报预增、物联网、MSCI中国、融资融券、液冷概念、中盘成长、上证380、F5G概念、沪股通、一带一路、股权激励、WiFi6、WiFi,-14.480,259.88,242.50,8.68,0.73,2393.17万,191.33,12.1331,905.60亿,677.73亿
56,600460,士兰微,50.38,1.04,A股,5.00,86.67亿,95.39亿,电子-半导体-分立器件,士兰微,电子-半导体-分立器件,国产芯片、LED概念、中盘股、共同富裕示范区、IGBT概念、昨日高振幅、国家大基金持股、新能源车、第三代半导体、氮化镓、标准普尔、华为概念、小米概念、东方财富热股、智能穿戴、消费电子概念、HS300_、OLED、富时罗素、MCU芯片、2025年报预增、MSCI中国、题材股、融资融券、中盘成长、上证380、沪股通、半导体概念、碳化硅、先进封装、光伏概念、比亚迪概念、汽车芯片、长江三角、风能、传感器、汽车电子、MiniLED,0.520,53.80,49.33,11.17,1.09,1.86亿,100.36,6.8735,838.36亿,838.36亿
57,000960,锡业股份,42.58,-4.14,A股,-7.54,86.28亿,55.46亿,有色金属-小金属-其他小金属,锡业股份,有色金属-小金属-其他小金属,金属铜、中盘价值、中盘股、稀缺资源、融资融券、西部大开发、昨日高振幅、深股通、化债概念、中证500、标准普尔、深成500、东方财富热股、金属锌、金属钨、2026一季报预增、央国企改革、金属铅、小金属概念、富时罗素、MSCI中国、金属铟,-1.840,46.70,42.50,7.64,0.88,1.26亿,20.19,3.4499,700.62亿,700.62亿
58,301217,铜冠铜箔,170.30,-7.08,A股,-12.56,84.42亿,96.80亿,电力设备-电池-锂电池,铜冠铜箔,电力设备-电池-锂电池,题材股、中盘股、融资融券、5G概念、2025年报扭亏、深股通、深成500、PET铜箔、宁德时代概念、锂电铜箔、PCB、先进制造风格、电池技术、固态电池、储能概念、锂电池概念、比亚迪概念、央国企改革、创业板综、固态铜箔、PCB铜箔、安徽三资改革,-12.970,176.00,160.96,6.93,1.15,5741.27万,331.89,25.6643,1411.81亿,1411.81亿
59,002938,鹏鼎控股,110.98,-2.77,A股,-5.38,84.01亿,54.89亿,电子-元件-印制电路板,鹏鼎控股,电子-元件-印制电路板,周期股、两岸合作、深证100R、AIPC、昨日高振幅、贬值受益、光通信模块、新能源车、标准普尔、深圳特区、深成500、华为概念、通信技术、智能穿戴、消费电子概念、HS300_、AI手机结构件、CPO概念、无人驾驶、科技风格、富时罗素、富士康概念、MSCI中国、AI手机、融资融券、AI眼镜、深股通、虚拟现实、智能座舱、商业航天、半导体概念、大盘股、苹果概念、PCB、人形机器人、海峡两岸、无线耳机、汽车电子、MiniLED、通信PCB,-3.160,117.00,108.29,2.11,0.73,4878.15万,138.96,7.9549,2572.00亿,2562.95亿
60,000063,中兴通讯,35.67,-7.21,A股,-3.60,83.07亿,85.38亿,通信-通信设备-通信网络设备及器件,中兴通讯,通信-通信设备-通信网络设备及器件,国产芯片、屏下摄像、区块链、多模态AI、深证100R、乡村振兴、数字经济、抖音概念、深圳特区、深成500、AI智能体、AI芯片、交换机、智能穿戴、腾讯概念、边缘计算、AI应用、量子通信、中国AI 50、国产操作系统、富时罗素、无线充电、物联网、机器人概念、低空经济、融资融券、液冷概念、超清视频、无人机、ChatGPT概念、商业航天、网络安全、数据中心、AI手机代工、卫星导航、光纤概念、星闪概念、大盘价值、汽车芯片、智能医疗、无线耳机、粤港澳大湾区、数据中心液冷、5G概念、东数西算、IPv6、通感一体化、证金持股、元宇宙概念、DPU、新能源车、水利建设、车联网、工业互联、标准普尔、通信技术、消费电子概念、HS300_、信创、百度概念、在线教育、DeepSeek概念、人工智能、科技风格、MSCI中国、AI手机、量子科技、卫星互联网、云计算、6G概念、AI眼镜、深股通、算力概念、空管系统、虚拟现实、智慧城市、大盘股、人形机器人、比亚迪概念、锂电池概念、海峡两岸、太赫兹、汽车电子,-2.770,37.79,35.67,5.82,1.04,2.35亿,32.55,2.2250,1706.29亿,1436.65亿
61,300136,信维通信,118.19,1.25,A股,-3.87,82.79亿,138.22亿,电子-消费电子-消费电子零部件及组装,信维通信,电子-消费电子-消费电子零部件及组装,国产芯片、中盘股、贬值受益、深圳特区、深成500、智能穿戴、央视50_、富时罗素、无线充电、MLCC、物联网、机器人概念、低空经济、融资融券、无人机、商业航天、苹果概念、智能音箱、被动元件概念、卫星导航、无线耳机、粤港澳大湾区、5G概念、电子烟、车联网、柔性屏、华为概念、通信技术、消费电子概念、越疆机器人、毫米波概念、混合现实、科技风格、富士康概念、MSCI中国、卫星互联网、6G概念、AI眼镜、深股通、虚拟现实、卫星通信、中证500、UWB概念、一带一路、海峡两岸、创业板综、WiFi6、WiFi、汽车电子、特斯拉概念,1.460,121.40,113.12,14.24,0.99,1.17亿,272.57,14.3395,1143.57亿,975.30亿
62,002185,华天科技,22.56,0.71,A股,-4.40,82.47亿,150.98亿,电子-半导体-集成电路封测,华天科技,电子-半导体-集成电路封测,国产芯片、中盘股、5G概念、西部大开发、昨日高振幅、国家大基金持股、第三代半导体、氮化镓、存储芯片、标准普尔、深成500、华为概念、通信技术、东方财富热股、昨日高换手、高带宽内存、CPO概念、毫米波概念、人工智能、无人驾驶、富时罗素、物联网、MSCI中国、机器人概念、题材股、华为海思、融资融券、深股通、智能座舱、中证500、半导体概念、先进封装、比亚迪概念、先进封装材料、汽车芯片、传感器、汽车电子,0.160,23.86,21.71,19.84,1.27,6.59亿,215.98,4.2017,749.76亿,749.59亿
63,000021,深科技,53.51,0.58,A股,-2.10,82.11亿,124.63亿,电子-消费电子-消费电子零部件及组装,深科技,电子-消费电子-消费电子零部件及组装,国产芯片、中盘股、区块链、昨日高振幅、数字经济、贬值受益、新能源车、光通信模块、第三代半导体、存储芯片、标准普尔、深圳特区、深成500、东方财富热股、消费电子概念、储能概念、央国企改革、CPO概念、超级电容、富时罗素、物联网、MSCI中国、电网概念、机器人概念、题材股、医疗器械概念、融资融券、深股通、虚拟电厂、无人机、中证500、半导体概念、先进封装、智能电网、先进封装材料、智能物流、汽车电子、DRAM存储,0.310,57.63,52.22,14.44,1.17,2.27亿,86.97,6.4734,842.45亿,842.32亿
64,603629,利通电子,187.09,-10.00,A股,3.96,80.12亿,55.00亿,电子-消费电子-消费电子零部件及组装,利通电子,电子-消费电子-消费电子零部件及组装,军工、国产芯片、东数西算、昨日高振幅、液冷概念、算力概念、沪股通、华为概念、小米概念、小盘股、英伟达概念、消费电子概念、腾讯概念、算力租赁、毫米波概念、人工智能、OLED、2025年报预增、小盘成长、云计算,-20.790,205.00,187.09,11.16,0.78,2878.71万,45.23,21.8631,490.77亿,482.75亿
65,600206,有研新材,60.76,8.19,A股,3.40,78.15亿,83.76亿,电子-半导体-半导体材料,有研新材,电子-半导体-半导体材料,国产芯片、5G概念、昨日高振幅、磁材加工、长江存储、国家大基金持股、3D打印、存储芯片、标准普尔、华为概念、通信技术、东方财富热股、尾气治理、昨日高换手、趋势股、2025三季报预增、中芯概念、京津冀一体化、央国企改革、百日新高 、OLED、小金属概念、富时罗素、牙科医疗、2025年报预增、题材股、军工、稀土永磁、雄安新区、医疗器械概念、融资融券、近期新高、沪股通、半导体概念、先进封装、新能源、小盘股、新材料、历史新高 、光纤概念、先进封装材料、传感器,4.600,61.63,54.80,17.05,1.09,1.44亿,145.68,12.0641,514.37亿,514.37亿
66,688313,仕佳光子,179.70,-10.12,A股,9.55,77.40亿,63.24亿,通信-通信设备-通信网络设备及器件,仕佳光子,通信-通信设备-通信网络设备及器件,国产芯片、激光雷达、光纤光缆、光芯片、中盘股、专精特新、5G概念、融资融券、光通信模块、中盘成长、上证380、中证500、F5G概念、沪股通、MPO连接器、数据中心、通信技术、光纤概念、CPO概念、科技风格、2025年报预增、MSCI中国,-20.240,194.00,173.50,7.61,0.99,3439.35万,174.78,53.3345,812.22亿,812.22亿
67,300346,南大光电,78.12,4.55,A股,0.89,77.31亿,87.57亿,电子-电子化学品Ⅱ-电子化学品Ⅲ,南大光电,电子-电子化学品Ⅱ-电子化学品Ⅲ,国产芯片、LED概念、专精特新、中盘股、国家大基金持股、氮化镓、深成500、存储芯片、华为概念、东方财富热股、趋势股、中芯概念、光刻机/胶、磷化工、OLED、富时罗素、电子特气、MSCI中国、题材股、融资融券、深股通、中盘成长、中证500、半导体概念、氟化工概念、第四代半导体、光伏概念、新材料、工业气体、创业板综、股权激励、长江三角,3.400,81.00,74.01,16.94,1.13,1.11亿,108.68,15.8496,539.93亿,512.46亿
68,301511,德福科技,155.30,1.80,A股,-14.65,74.82亿,58.81亿,电力设备-电池-锂电池,德福科技,电力设备-电池-锂电池,专精特新、中盘股、5G概念、新能源车、深成500、存储芯片、柔性屏、宁德时代概念、先进制造风格、华为概念、电池技术、趋势股、消费电子概念、固态电池、CPO概念、军工、融资融券、2025年报扭亏、深股通、无人机、中盘成长、养老金、PET铜箔、锂电铜箔、PCB、锂电池概念、华为数字能源、比亚迪概念、创业板综、固态铜箔、PCB铜箔、MiniLED,2.750,156.22,143.53,10.44,0.94,3910.04万,166.22,23.9070,978.89亿,581.80亿
69,600353,旭光电子,47.98,-1.58,A股,5.60,74.67亿,27.47亿,电子-其他电子Ⅱ-其他电子Ⅲ,旭光电子,电子-其他电子Ⅱ-其他电子Ⅲ,国产芯片、5G概念、东数西算、西部大开发、昨日高振幅、第三代半导体、参股新三板、华为概念、军民融合、通信技术、趋势股、成渝特区、信创、核能核电、光刻机/胶、DeepSeek概念、CPO概念、无人驾驶、电源电缆、2025年报预增、军工、航空发动机、融资融券、虚拟电厂、无人机、沪股通、智慧城市、特高压、光源、先进封装、小盘股、铁路基建、新材料、人形机器人、可控核聚变、先进封装材料、智能电网、小盘成长、风能、柔性直流输电,-0.770,48.66,45.58,7.01,0.76,5807.19万,297.91,21.2005,397.66亿,397.66亿
70,002371,北方华创,813.37,1.93,A股,0.33,74.07亿,100.09亿,电子-半导体-半导体设备,北方华创,电子-半导体-半导体设备,国产芯片、深证100R、国家大基金持股、长江存储、第三代半导体、氮化镓、存储芯片、标准普尔、深成500、华为概念、东方财富热股、电池技术、HS300_、大盘成长、中芯概念、高带宽内存、光刻机/胶、央国企改革、百日新高 、中国AI 50、OLED、科技风格、富时罗素、MSCI中国、宁组合、权重股、华为海思、融资融券、深股通、近期新高、半导体概念、大盘股、光伏概念、历史新高 、锂电池概念、茅指数,15.370,828.00,782.17,1.71,1.10,1240.31万,90.27,15.2357,5902.54亿,5897.83亿
71,688521,芯原股份,336.00,-0.61,A股,0.35,73.74亿,89.07亿,电子-半导体-数字芯片设计,芯原股份,电子-半导体-数字芯片设计,国产芯片、东数西算、上证180_、国家大基金持股、GPU、AI芯片、HS300_、大盘成长、腾讯概念、人工智能、无人驾驶、科技风格、MCU芯片、物联网、MSCI中国、阿里概念、AI手机、上海自贸、融资融券、AI眼镜、数字货币、虚拟现实、沪股通、ASIC芯片、半导体概念、先进封装、大盘股、智能音箱、汽车芯片,-2.050,347.78,321.85,5.08,0.92,2672.28万,-129.61,56.1511,1767.08亿,1767.08亿
72,600392,盛和资源,30.12,-6.46,A股,-10.01,73.56亿,48.05亿,有色金属-小金属-稀土,盛和资源,有色金属-小金属-稀土,稀土永磁、中盘股、融资融券、西部大开发、昨日高振幅、中盘成长、上证380、中证500、参股保险、沪股通、标准普尔、苹果概念、冶炼分离、趋势股、2025三季报预增、央国企改革、小金属概念、富时罗素、2025年报预增、MSCI中国,-2.080,32.54,30.10,8.84,0.66,1.55亿,40.32,4.1025,527.95亿,527.95亿
73,688347,华虹宏力,323.00,-2.23,A股,4.31,73.23亿,71.98亿,电子-半导体-集成电路制造,华虹宏力,电子-半导体-集成电路制造,国产芯片、融资融券、国家大基金持股、上证380、中证500、沪股通、半导体概念、存储芯片、大盘股、消费电子概念、大盘成长、央国企改革、科技风格、MSCI中国、沪企改革,-7.360,337.96,310.80,5.46,0.85,2227.02万,1005.38,12.4043,5612.55亿,1317.03亿
74,300179,四方达,57.38,-7.45,A股,-0.85,72.41亿,37.04亿,机械设备-通用设备-磨具磨料,四方达,机械设备-通用设备-磨具磨料,专精特新、培育钻石、工业母机、融资融券、海工装备、深股通、新能源车、第三代半导体、半导体概念、PCB、新材料、油气资源、创业板综、油气设服、MPCVD设备、天然气,-4.620,61.37,56.68,16.91,0.64,6323.48万,162.31,24.7482,278.71亿,214.59亿
75,002297,博云新材,30.89,-6.70,A股,5.19,72.40亿,28.24亿,国防军工-航空装备Ⅱ-航空装备Ⅲ,博云新材,国防军工-航空装备Ⅱ-航空装备Ⅲ,军工、大飞机、培育钻石、航空发动机、融资融券、2025年报扭亏、昨日高振幅、航天航空、深股通、无人机、商业航天、军民融合、昨日高换手、运营维修、新材料、2026一季报预增、央国企改革、碳纤维、通用航空、小金属概念、成飞概念,-2.220,33.48,30.75,15.47,0.71,8868.61万,33.45,7.8345,177.03亿,177.03亿
76,600519,XD贵州茅,1168.63,-1.30,A股,-1.53,71.80亿,59.22亿,食品饮料-白酒Ⅱ-白酒Ⅲ,贵州茅台,食品饮料-白酒Ⅱ-白酒Ⅲ,味蕾经济、权重股、融资融券、行业龙头、西部大开发、上证180_、证金持股、沪股通、标准普尔、一线酒企、大盘股、东方财富热股、消费风格、电商概念、HS300_、上证50_、酿酒概念、央国企改革、茅指数、超级品牌、央视50_、富时罗素、白酒、MSCI中国,-15.450,1199.00,1168.10,0.40,0.94,500.66万,13.41,6.1938,1.46万亿,1.46万亿
77,601991,大唐发电,7.32,-2.01,A股,-0.36,70.93亿,52.56亿,公用事业-电力-火力发电,大唐发电,公用事业-电力-火力发电,融资融券、昨日高振幅、上证380、中证500、沪股通、绿色电力、雅下水电概念、标准普尔、大盘股、新能源、光伏概念、核能核电、央国企改革、富时罗素、2025年报预增、MSCI中国、风能,-0.150,7.87,7.17,5.63,0.82,6.98亿,11.70,3.6787,1354.69亿,907.39亿
78,000776,广发证券,22.35,-3.41,A股,2.73,70.47亿,29.01亿,非银金融-证券Ⅱ-证券Ⅲ,广发证券,非银金融-证券Ⅱ-证券Ⅲ,周期股、融资融券、深证100R、参股期货、深股通、证金持股、券商概念、标准普尔、深成500、大盘股、HS300_、互联网金融、富时罗素、金融地产风格、MSCI中国,-0.790,23.52,22.22,2.15,0.65,1.27亿,9.29,1.2694,1748.85亿,1319.55亿
79,688072,拓荆科技,832.00,1.09,A股,2.94,69.83亿,66.91亿,电子-半导体-半导体设备,拓荆科技,电子-半导体-半导体设备,国产芯片、专精特新、融资融券、上证180_、国家大基金持股、沪股通、半导体概念、存储芯片、大盘股、先进封装、HS300_、大盘成长、中芯概念、高带宽内存、科技风格、先进封装设备、MSCI中国,9.000,865.00,790.00,2.84,0.93,802.45万,103.05,32.7685,2352.01亿,2352.01亿
80,300548,长芯博创,262.65,-6.83,A股,-4.05,67.81亿,56.82亿,通信-通信设备-通信网络设备及器件,长芯博创,通信-通信设备-通信网络设备及器件,国产芯片、光芯片、专精特新、中盘股、5G概念、光通信模块、抖音概念、深成500、铜缆高速连接、华为概念、通信技术、AEC有源电缆、CPO概念、科技风格、2025年报预增、MSCI中国、机器人概念、融资融券、深股通、中盘成长、中证500、F5G概念、数据中心、机器视觉、光纤概念、创业板综、长江三角,-19.250,286.48,262.31,7.66,0.88,2086.99万,148.75,36.3126,773.91亿,715.36亿
81,301526,国际复材,52.27,9.17,A股,-8.05,67.57亿,92.27亿,建筑材料-玻璃玻纤-玻纤制造,国际复材,建筑材料-玻璃玻纤-玻纤制造,中盘股、5G概念、西部大开发、数字经济、工业互联、深成500、华为概念、通信技术、东方财富热股、趋势股、消费电子概念、央国企改革、百日新高 、PEEK材料概念、题材股、融资融券、2025年报扭亏、深股通、近期新高、中盘成长、中证500、华为手机、电子布、绿色电力、特高压、PCB、光伏概念、历史新高 、一带一路、创业板综、风能、汽车电子,4.390,54.10,48.84,12.67,0.96,1.78亿,182.38,23.2974,1971.04亿,734.08亿
82,600160,巨化股份,50.95,0.30,A股,-3.46,67.34亿,51.07亿,基础化工-化学制品-氟化工,巨化股份,基础化工-化学制品-氟化工,国产芯片、数据中心液冷、六氟磷酸锂、周期股、化工原料、上证180_、冷却液、标准普尔、创投、电池技术、趋势股、消毒剂、HS300_、中芯概念、央国企改革、PVDF概念、富时罗素、2025年报预增、MSCI中国、融资融券、液冷概念、沪股通、绿色电力、半导体概念、大盘股、碳交易、数据中心、氟化工概念、工业气体、锂电池概念、煤化工概念、氢氟酸、长江三角、风能,0.150,52.46,49.67,3.71,0.76,1.00亿,29.32,6.6814,1375.52亿,1375.52亿
83,300666,江丰电子,354.78,7.51,A股,-5.16,66.87亿,95.01亿,电子-半导体-半导体材料,江丰电子,电子-半导体-半导体材料,国产芯片、中盘股、共同富裕示范区、昨日高振幅、第三代半导体、存储芯片、深成500、华为概念、东方财富热股、趋势股、中芯概念、百日新高 、光刻机/胶、碳纤维、OLED、科技风格、富时罗素、题材股、融资融券、深股通、近期新高、中盘成长、中证500、半导体概念、光伏概念、新材料、历史新高 、海峡两岸、创业板综、中韩自贸区,24.780,366.65,324.48,12.32,1.11,2724.93万,116.70,14.0140,979.09亿,784.47亿
84,600497,驰宏锌锗,12.54,1.87,A股,-2.74,66.76亿,56.07亿,有色金属-工业金属-铅锌,驰宏锌锗,有色金属-工业金属-铅锌,军工、题材股、锌矿、中盘股、稀缺资源、融资融券、西部大开发、昨日高振幅、铅矿、上证380、中证500、沪股通、金属回收、东方财富热股、金属锌、新材料、光纤概念、央国企改革、金属铅、小金属概念、MSCI中国、黄金概念,0.230,13.22,11.97,8.79,1.06,4.43亿,23.87,3.7538,632.06亿,632.06亿
85,300570,太辰光,234.10,-9.37,A股,-5.93,66.58亿,77.86亿,通信-通信设备-通信网络设备及器件,太辰光,通信-通信设备-通信网络设备及器件,国产芯片、中盘股、5G概念、融资融券、深股通、算力概念、贬值受益、光通信模块、中盘成长、中证500、F5G概念、深圳特区、深成500、铜缆高速连接、MPO连接器、通信技术、数据中心、光纤概念、CPO概念、创业板综、物联网、传感器,-24.210,245.00,225.00,17.37,1.19,3338.34万,202.08,30.0572,531.70亿,449.92亿
86,002916,深南电路,433.50,-4.73,A股,-6.85,66.39亿,48.67亿,电子-元件-印制电路板,深南电路,电子-元件-印制电路板,国产芯片、粤港澳大湾区、5G概念、周期股、深证100R、昨日高振幅、国家大基金持股、新能源车、存储芯片、标准普尔、深圳特区、深成500、华为概念、通信技术、HS300_、大盘成长、央国企改革、科技风格、富时罗素、富士康概念、2025年报预增、MSCI中国、融资融券、深股通、养老金、大盘股、苹果概念、先进封装、PCB、数据中心、中特估、服务器PCB、汽车电子、通信PCB,-21.500,448.80,420.47,1.68,0.71,1119.99万,86.83,17.9443,2952.86亿,2881.95亿
87,300014,亿纬锂能,62.21,-6.89,A股,-4.20,66.27亿,59.34亿,电力设备-电池-锂电池,亿纬锂能,电力设备-电池-锂电池,钠离子电池、粤港澳大湾区、胎压监测、周期股、深证100R、电子烟、新能源车、深成500、先进制造风格、华为概念、小米概念、长安汽车概念、消费电子概念、电池技术、HS300_、固态电池、储能概念、盐湖提锂、富时罗素、MSCI中国、脑机接口、机器人概念、动力电池回收、安防概念、宁组合、低空经济、融资融券、充电桩、深股通、无人机、两轮车、商业航天、大盘股、硫化物、氢能源、人形机器人、锂电池概念、茅指数、智能电网、创业板综、锂矿概念、无线耳机、飞行汽车,-4.600,67.53,62.10,4.39,0.90,9264.11万,23.37,2.8078,1352.01亿,1314.18亿
88,601208,东材科技,73.65,-5.07,A股,-10.00,66.07亿,56.86亿,基础化工-塑料-膜材料,东材科技,基础化工-塑料-膜材料,国产芯片、中盘股、5G概念、西部大开发、昨日高振幅、新能源车、燃料电池概念、柔性屏、通信技术、电池技术、趋势股、消费电子概念、光刻机/胶、OLED、2025年报预增、MLCC、树脂、电网概念、军工、BC电池、6G概念、融资融券、中盘成长、沪股通、商业航天、半导体概念、特高压、苹果概念、PET铜箔、PCB、光伏概念、氢能源、股权激励,-3.930,76.00,70.40,7.65,0.89,7726.84万,99.55,12.2211,744.00亿,744.00亿
89,600667,太极实业,26.88,6.20,A股,-7.31,65.73亿,144.89亿,建筑装饰-工程咨询服务Ⅱ-工程咨询服务Ⅲ,太极实业,建筑装饰-工程咨询服务Ⅱ-工程咨询服务Ⅲ,国产芯片、昨日高振幅、存储芯片、标准普尔、工程建设、东方财富热股、昨日高换手、趋势股、央国企改革、百日新高 、OLED、富时罗素、题材股、融资融券、近期新高、昨日触板、上证380、沪股通、绿色电力、半导体概念、先进封装、数据中心、光伏概念、小盘股、历史新高 、昨日炸板、小盘成长、昨日打二板以上表现、长江三角、光伏建筑一体化,1.570,27.84,26.20,25.24,2.00,5.28亿,108.85,6.5321,562.21亿,562.21亿
90,300319,麦捷科技,31.00,3.06,A股,1.26,65.10亿,59.78亿,电子-元件-被动元件,麦捷科技,电子-元件-被动元件,国产芯片、粤港澳大湾区、5G概念、东数西算、新能源车、深圳特区、存储芯片、华为概念、小米概念、通信技术、昨日高换手、趋势股、智能穿戴、消费电子概念、深圳国企改革、央国企改革、CPO概念、摩尔链、富时罗素、物联网、阿里概念、机器人概念、融资融券、AI眼镜、充电桩、深股通、算力概念、无人机、被动元件概念、小盘股、英伟达概念、人形机器人、比亚迪概念、创业板综、小盘成长、汽车电子,0.920,33.30,30.59,21.92,0.93,1.87亿,145.90,5.6910,275.15亿,263.89亿
91,002709,天赐材料,50.01,-9.40,A股,-3.36,64.94亿,60.39亿,电力设备-电池-电池化学品,天赐材料,电力设备-电池-电池化学品,钠离子电池、六氟磷酸锂、周期股、深证100R、昨日高振幅、新能源车、标准普尔、深成500、宁德时代概念、先进制造风格、电池技术、HS300_、固态电池、富时罗素、2025年报预增、PEEK材料概念、MSCI中国、动力电池回收、融资融券、深股通、大盘股、氟化工概念、氢能源、硫化物、新材料、锂电池概念、比亚迪概念、有机硅概念、大盘价值、氢氟酸、特斯拉概念,-5.190,55.95,49.96,7.56,0.92,1.14亿,15.41,5.5189,1019.48亿,754.66亿
92,688766,普冉股份,727.01,-3.60,A股,4.88,64.58亿,66.51亿,电子-半导体-数字芯片设计,普冉股份,电子-半导体-数字芯片设计,国产芯片、中盘股、融资融券、中盘成长、沪股通、半导体概念、存储芯片、华为概念、小米概念、智能穿戴、消费电子概念、智能家居、科技风格、汽车芯片、MCU芯片、物联网、无线耳机、汽车电子,-27.140,794.15,719.71,5.96,0.95,886.72万,107.63,40.1197,1081.09亿,1081.09亿
93,601318,中国平安,47.23,-4.20,A股,-3.04,62.34亿,68.24亿,非银金融-保险Ⅱ-保险Ⅲ,中国平安,非银金融-保险Ⅱ-保险Ⅲ,区块链、周期股、上证180_、证金持股、互联网保险、标准普尔、深圳特区、红利破净股、HS300_、互联网金融、独角兽、央视50_、富时罗素、金融地产风格、MSCI中国、互联医疗、红利股、权重股、融资融券、家庭医生、沪股通、参股券商、大盘股、养老概念、IPO受益、上证50_、大盘价值、智能医疗、参股银行,-2.070,49.49,47.20,1.34,0.96,1.43亿,8.54,0.8668,8552.24亿,5034.75亿
94,601958,金钼股份,27.13,0.82,A股,-8.76,60.85亿,35.85亿,有色金属-小金属-钼,金钼股份,有色金属-小金属-钼,军工、中盘股、稀缺资源、融资融券、西部大开发、昨日高振幅、上证380、中证500、沪股通、标准普尔、陕西国企改革、央国企改革、OLED、小金属概念、富时罗素、MSCI中国,0.220,28.43,26.10,4.06,0.74,1.31亿,24.27,4.4195,875.38亿,875.38亿
95,002851,麦格米特,160.76,-6.52,A股,-8.34,60.78亿,87.00亿,电力设备-其他电源设备Ⅱ-其他电源设备Ⅲ,麦格米特,电力设备-其他电源设备Ⅱ-其他电源设备Ⅲ,国产芯片、中盘股、昨日高振幅、HVDC供电、高压快充、新能源车、车联网、第三代半导体、标准普尔、深圳特区、深成500、柔性屏、新型工业化、先进制造风格、小米概念、长安汽车概念、储能概念、智能家居、中国AI 50、超级电容、富时罗素、MSCI中国、机器人概念、融资融券、医疗器械概念、充电桩、深股通、中盘成长、2025年报预减、中证500、碳化硅、数据中心、英伟达概念、光伏概念、玻璃基板、一带一路、智能电网、高端装备、高铁、风能,-11.220,175.66,154.83,11.69,1.55,5355.46万,203.88,10.4230,935.28亿,736.69亿
96,600378,昊华科技,62.30,-8.92,A股,-5.53,60.21亿,51.04亿,基础化工-化学制品-氟化工,昊华科技,基础化工-化学制品-氟化工,钠离子电池、国产芯片、六氟磷酸锂、中盘股、西部大开发、昨日高振幅、页岩气、燃料电池概念、新能源车、电池技术、成渝特区、固态电池、中芯概念、2026一季报预增、央国企改革、磷化工、PVDF概念、富时罗素、电子特气、航母概念、军工、大飞机、融资融券、液冷概念、俄乌冲突概念、上证380、中证500、养老金、沪股通、商业航天、氦气概念、碳交易、PCB、氟化工概念、氢能源、工业气体、锂电池概念、煤化工概念、氢氟酸、股权激励、碳中和,-6.100,69.12,61.56,7.33,0.88,7860.73万,65.23,4.4461,803.67亿,668.21亿
97,300395,菲利华,139.96,4.80,A股,-7.88,59.30亿,93.61亿,国防军工-航空装备Ⅱ-航空装备Ⅲ,菲利华,国防军工-航空装备Ⅱ-航空装备Ⅲ,国产芯片、中盘股、5G概念、融资融券、深股通、中盘成长、中证500、电子布、半导体概念、深成500、PCB、先进制造风格、军民融合、通信技术、光伏概念、新材料、光纤概念、创业板综、OLED、富时罗素、2025年报预增、MSCI中国,6.410,144.20,129.17,13.18,1.60,6756.98万,127.99,15.3893,735.81亿,717.36亿
98,002491,通鼎互联,36.15,-6.10,A股,-0.94,59.19亿,67.13亿,通信-通信设备-通信线缆及配套,通鼎互联,通信-通信设备-通信线缆及配套,题材股、光纤光缆、数据安全、专精特新、5G概念、融资融券、数字水印、昨日高振幅、北交所概念、深股通、光通信模块、标准普尔、网络安全、通信技术、数据中心、小盘股、昨日高换手、趋势股、固态电池、光纤概念、独角兽、富时罗素、长江三角、大数据,-2.350,38.11,34.65,15.88,1.23,1.87亿,216.80,17.6423,444.64亿,425.29亿
99,002409,雅克科技,188.60,4.18,A股,-4.76,56.50亿,66.81亿,电子-半导体-半导体材料,雅克科技,电子-半导体-半导体材料,国产芯片、专精特新、中盘股、海工装备、昨日高振幅、国家大基金持股、存储芯片、标准普尔、深成500、东方财富热股、中芯概念、高带宽内存、光刻机/胶、百日新高 、磷化工、OLED、富时罗素、电子特气、天然气、MSCI中国、题材股、融资融券、深股通、近期新高、中盘成长、中证500、半导体概念、特高压、先进封装、氟化工概念、历史新高 、工业气体,7.570,195.20,178.20,11.18,1.02,3559.78万,84.14,11.2854,897.60亿,600.73亿
100,603259,药明康德,118.18,0.82,A股,-0.49,56.48亿,81.35亿,医药生物-医疗服务-医疗研发外包,药明康德,医药生物-医疗服务-医疗研发外包,CAR-T细胞疗法、CRO、创新医疗服务、宁组合、权重股、融资融券、行业龙头、上证180_、贬值受益、沪股通、标准普尔、大盘股、医药医疗风格、HS300_、上证50_、茅指数、独角兽、富时罗素、创新药、2025年报预增、MSCI中国,0.960,121.07,116.96,2.77,0.97,6849.42万,18.95,4.4349,3526.20亿,2922.92亿
