序号,代码,名称,最新价(元) 2026.06.25,涨跌幅(%) 2026.06.25,证券类型,股票简称,成交额(元) 2026.06.25,申万行业分类,东财行业总分类,概念,涨跌额(元) 2026.06.25,最高价(元) 2026.06.25,最低价(元) 2026.06.25,换手率(%) 2026.06.25,量比 2026.06.25,成交量(股) 2026.06.25,市盈率(动)(倍) 2026.06.25,市净率(倍) 2026.06.25,总市值(元) 2026.06.25,流通市值(元) 2026.06.25
1,300308,中际旭创,1323.40,0.86,A股,中际旭创,496.55亿,通信-通信设备-通信网络设备及器件,通信-通信设备-通信网络设备及器件,国产芯片、数据中心液冷、5G概念、深证100R、贬值受益、光通信模块、深成500、节能环保、通信技术、趋势股、创投、HS300_、大盘成长、CPO概念、无人驾驶、中国AI 50、科技风格、富时罗素、2025年报预增、MSCI中国、激光雷达、权重股、融资融券、行业龙头、液冷概念、深股通、算力概念、F5G概念、大盘股、数据中心、创业板综、汽车电子,11.220,1345.09,1280.02,3.39,1.41,3760.90万,64.34,42.6033,1.48万亿,1.47万亿
2,300502,新易盛,610.49,9.94,A股,新易盛,405.88亿,通信-通信设备-通信网络设备及器件,通信-通信设备-通信网络设备及器件,国产芯片、权重股、5G概念、融资融券、深证100R、西部大开发、深股通、算力概念、贬值受益、光通信模块、深成500、大盘股、通信技术、数据中心、趋势股、HS300_、大盘成长、CPO概念、创业板综、中国AI 50、科技风格、富时罗素、2025年报预增、MSCI中国,55.190,610.80,550.06,5.54,1.63,6942.74万,76.54,43.8452,8511.80亿,7657.03亿
3,603986,兆易创新,775.21,9.94,A股,兆易创新,384.33亿,电子-半导体-数字芯片设计,电子-半导体-数字芯片设计,国产芯片、昨日高振幅、上证180_、贬值受益、存储芯片、标准普尔、小米概念、最近多板、东方财富热股、智能穿戴、消费电子概念、HS300_、大盘成长、SRAM存储、百日新高 、人工智能、央视50_、科技风格、富时罗素、MCU芯片、物联网、MSCI中国、题材股、融资融券、AI眼镜、近期新高、昨日首板、超清视频、沪股通、半导体概念、大盘股、光伏概念、长鑫存储、上证50_、历史新高 、人形机器人、锂电池概念、汽车芯片、传感器、无线耳机、汽车电子、DRAM存储,70.120,775.39,735.00,7.61,0.88,5086.78万,93.07,21.9484,5440.03亿,5182.22亿
4,000725,京东方Ａ,7.52,6.36,A股,京东方A,275.60亿,电子-光学光电子-面板,电子-光学光电子-面板,国产芯片、屏下摄像、LED概念、周期股、深证100R、AIPC、深成500、东方财富热股、智能穿戴、趋势股、AI应用、OLED、富时罗素、物联网、机器人概念、题材股、AB股、民营医院、融资融券、行业龙头、显示技术、超清视频、苹果概念、先进封装、光伏概念、玻璃基板、光纤概念、裸眼3D、大盘价值、新零售、智能医疗、MiniLED、电子纸概念、昨日高振幅、钙钛矿电池、工业互联、标准普尔、柔性屏、华为概念、小米概念、长安汽车概念、消费电子概念、HS300_、巨量转移、MicroLED、央国企改革、荣耀概念、CPO概念、人工智能、混合现实、科技风格、MSCI中国、医疗器械概念、AI眼镜、深股通、虚拟电厂、充电桩、医美概念、虚拟现实、智能座舱、智慧城市、大盘股、UWB概念、电子竞技、传感器、光伏建筑一体化,0.450,7.67,7.14,10.45,1.15,36.96亿,40.79,2.0785,2785.73亿,2659.61亿
5,300394,天孚通信,341.97,5.13,A股,天孚通信,259.21亿,通信-通信设备-通信网络设备及器件,通信-通信设备-通信网络设备及器件,专精特新、5G概念、深证100R、贬值受益、深成500、华为概念、通信技术、HS300_、大盘成长、CPO概念、无人驾驶、科技风格、富时罗素、2025年报预增、MSCI中国、融资融券、深股通、算力概念、大盘股、先进封装、MPO连接器、数据中心、英伟达概念、光纤概念、创业板综,16.690,346.00,312.00,7.32,1.60,7966.90万,189.46,68.2360,3730.29亿,3721.96亿
6,688008,澜起科技,279.16,4.75,A股,澜起科技,253.54亿,电子-半导体-数字芯片设计,电子-半导体-数字芯片设计,国产芯片、AIPC、上证180_、贬值受益、CPU、存储芯片、AI芯片、消费电子概念、HS300_、大盘成长、中芯概念、人工智能、科技风格、富时罗素、2025年报预增、MSCI中国、云计算、数据安全、融资融券、算力概念、沪股通、半导体概念、大盘股、数据中心、上证50_、DRAM存储,12.670,284.99,268.00,7.96,1.21,9130.12万,100.66,16.3674,3411.89亿,3200.36亿
7,688256,寒武纪,1505.00,3.58,A股,寒武纪,237.99亿,电子-半导体-数字芯片设计,电子-半导体-数字芯片设计,国产芯片、东数西算、上证180_、AI芯片、HS300_、大盘成长、边缘计算、人工智能、国产操作系统、中国AI 50、科技风格、MSCI中国、阿里概念、权重股、融资融券、2025年报扭亏、算力概念、沪股通、ASIC芯片、半导体概念、先进封装、大盘股、数据中心、上证50_、阿里系算力、汽车芯片,52.000,1536.25,1436.00,2.54,1.02,1598.22万,233.31,77.2607,9455.81亿,9455.81亿
8,688525,佰维存储,480.30,15.18,A股,佰维存储,224.71亿,电子-半导体-数字芯片设计,电子-半导体-数字芯片设计,国产芯片、粤港澳大湾区、专精特新、AIPC、上证180_、国家大基金持股、存储芯片、小米概念、华为概念、东方财富热股、智能穿戴、消费电子概念、趋势股、信创、科技风格、2025年报预增、MSCI中国、阿里概念、AI手机、机器人概念、融资融券、AI眼镜、沪股通、半导体概念、先进封装、大盘股、数据中心、人形机器人、比亚迪概念、股权激励、汽车芯片、DRAM存储,63.300,488.00,438.00,10.28,1.12,4845.68万,19.53,26.8440,2264.93亿,2264.93亿
9,688041,海光信息,360.28,6.88,A股,海光信息,215.00亿,电子-半导体-数字芯片设计,电子-半导体-数字芯片设计,国产芯片、专精特新、东数西算、上证180_、抖音概念、水利建设、CPU、GPU、AI芯片、HS300_、大盘成长、腾讯概念、信创、百度概念、DeepSeek概念、人工智能、中国AI 50、科技风格、MSCI中国、阿里概念、量子科技、权重股、融资融券、算力概念、沪股通、半导体概念、大盘股、上证50_、阿里系算力,23.180,369.00,338.00,2.60,1.37,6044.63万,304.69,36.1742,8374.13亿,8374.13亿
10,002384,东山精密,275.80,7.26,A股,东山精密,213.77亿,电子-元件-印制电路板,电子-元件-印制电路板,国产芯片、光芯片、LED概念、5G概念、周期股、深证100R、高压快充、贬值受益、光通信模块、新能源车、标准普尔、深成500、华为概念、小米概念、通信技术、东方财富热股、创投、消费电子概念、智能穿戴、HS300_、2026一季报预增、CPO概念、OLED、科技风格、富时罗素、MSCI中国、机器人概念、AI手机、融资融券、深股通、大盘股、苹果概念、PCB、数据中心、人形机器人、光纤概念、服务器PCB、长江三角、MiniLED、特斯拉概念,18.670,275.99,258.25,5.71,1.00,7917.88万,113.79,22.3149,5051.57亿,3823.48亿
11,600522,中天科技,68.10,10.00,A股,中天科技,208.66亿,通信-通信设备-通信线缆及配套,通信-通信设备-通信线缆及配套,国产芯片、海工装备、数字经济、上证180_、3D打印、铜缆高速连接、东方财富热股、趋势股、空芯光纤、碳纤维、OLED、央视50_、富时罗素、物联网、阿里概念、机器人概念、数据要素、题材股、中越经济一体化、融资融券、低空经济、液冷概念、商业航天、绿色电力、半导体概念、特高压、PCB、数据中心、光伏概念、铁路基建、超导概念、光纤概念、智能电网、石墨烯、海洋经济、长江三角、碳中和、大数据、光纤光缆、数据中心液冷、5G概念、东数西算、昨日高振幅、证金持股、光通信模块、新能源车、钙钛矿电池、工业互联、标准普尔、航运概念、华为概念、通信技术、创投、电池技术、HS300_、固态电池、储能概念、核能核电、CPO概念、DeepSeek概念、超级电容、科技风格、海底电缆、MSCI中国、电网概念、量子科技、6G概念、充电桩、沪股通、参股券商、大盘股、PET铜箔、新能源、氢能源、系统集成、新材料、可控核聚变、一带一路、锂电池概念、中欧经济一体化、阿里系算力、风能、参股银行、汽车电子、柔性直流输电,6.190,68.10,61.81,9.26,1.04,3.16亿,63.23,6.1143,2324.22亿,2324.22亿
12,600487,亨通光电,123.00,3.34,A股,亨通光电,196.23亿,通信-通信设备-通信线缆及配套,通信-通信设备-通信线缆及配套,国产芯片、海工装备、东方财富热股、趋势股、大盘成长、量子通信、无人驾驶、富时罗素、物联网、机器人概念、题材股、军工、融资融券、液冷概念、F5G概念、特高压、网络安全、数据中心、光纤概念、智能电网、长江三角、大数据、光纤光缆、5G概念、光通信模块、新能源车、水利建设、标准普尔、华为概念、通信技术、创投、CPO概念、毫米波概念、DeepSeek概念、科技风格、海底电缆、MSCI中国、电网概念、量子科技、6G概念、沪股通、智慧城市、大盘股、小米汽车、人形机器人、一带一路、太赫兹、风能、柔性直流输电,3.980,124.77,117.15,6.61,0.86,1.62亿,68.61,9.5588,3033.66亿,3007.57亿
13,300059,东方财富,21.11,4.61,A股,东方财富,189.16亿,非银金融-证券Ⅱ-证券Ⅲ,非银金融-证券Ⅱ-证券Ⅲ,区块链、周期股、鸿蒙概念、深证100R、参股期货、证金持股、互联网保险、深成500、东方财富热股、HS300_、互联网金融、AI应用、DeepSeek概念、人工智能、富时罗素、金融地产风格、网红经济、MSCI中国、数据要素、权重股、融资融券、深股通、虚拟机器人、AIGC概念、券商概念、大盘股、互联网服务、国产软件、茅指数、创业板综、长江三角、大数据,0.930,21.57,20.04,6.77,1.28,9.04亿,22.34,3.5428,3340.07亿,2818.88亿
14,002475,立讯精密,74.42,-0.84,A股,立讯精密,187.57亿,电子-消费电子-消费电子零部件及组装,电子-消费电子-消费电子零部件及组装,国产芯片、周期股、DAC无源铜缆、深证100R、贬值受益、3D摄像头、深圳特区、深成500、铜缆高速连接、东方财富热股、智能穿戴、大盘成长、CDU、无人驾驶、富时罗素、无线充电、机器人概念、融资融券、液冷概念、昨日触板、商业航天、苹果概念、智能音箱、数据中心、昨日炸板、无线耳机、粤港澳大湾区、5G概念、昨日高振幅、电子烟、证金持股、转债标的、光通信模块、新能源车、标准普尔、华为概念、通信技术、消费电子概念、HS300_、智能家居、CPO概念、毫米波概念、混合现实、科技风格、HUD抬头显示、MSCI中国、权重股、AI眼镜、深股通、充电桩、虚拟现实、智能座舱、华为手机、大盘股、机器视觉、人形机器人、茅指数、海峡两岸、汽车电子,-0.630,75.80,73.18,3.46,1.01,2.52亿,37.20,6.1641,5446.25亿,5433.80亿
15,688981,中芯国际,156.86,3.52,A股,中芯国际,184.71亿,电子-半导体-集成电路制造,电子-半导体-集成电路制造,国产芯片、权重股、融资融券、行业龙头、上证180_、国家大基金持股、沪股通、半导体概念、存储芯片、大盘股、消费电子概念、HS300_、上证50_、中芯概念、科创板做市股、茅指数、中国AI 50、科技风格、OLED、物联网、MSCI中国、汽车电子、上海自贸,5.330,158.66,151.00,5.93,1.06,1.19亿,246.62,8.9638,1.34万亿,3136.51亿
16,300476,胜宏科技,350.16,1.96,A股,胜宏科技,181.28亿,电子-元件-印制电路板,电子-元件-印制电路板,国产芯片、粤港澳大湾区、5G概念、周期股、东数西算、深证100R、乡村振兴、AIPC、贬值受益、新能源车、深成500、小米概念、通信技术、HS300_、大盘成长、摩尔链、CPO概念、OLED、科技风格、富时罗素、富士康概念、2025年报预增、物联网、MSCI中国、机器人概念、AI手机、融资融券、行业龙头、深股通、虚拟现实、大盘股、PCB、数据中心、英伟达概念、光伏概念、人形机器人、智能电网、海峡两岸、创业板综、汽车电子、特斯拉概念,6.730,355.00,337.58,6.02,1.14,5205.57万,66.77,21.9697,3441.32亿,3029.57亿
17,301308,江波龙,677.30,9.25,A股,江波龙,180.14亿,电子-半导体-数字芯片设计,电子-半导体-数字芯片设计,国产芯片、专精特新、深证100R、AIPC、贬值受益、国家大基金持股、长江存储、存储芯片、深成500、小米概念、华为概念、东方财富热股、智能穿戴、消费电子概念、HS300_、AI手机结构件、信创、科技风格、2025年报预增、MSCI中国、AI手机、机器人概念、华为鲲鹏、数据安全、融资融券、AI眼镜、深股通、智能座舱、半导体概念、大盘股、先进封装、数据中心、长鑫存储、小米汽车、创业板综、DRAM存储、EDR概念,57.320,688.80,640.00,9.57,1.17,2697.07万,18.55,24.0667,2865.39亿,1908.98亿
18,001309,德明利,891.00,10.00,A股,德明利,176.68亿,电子-半导体-数字芯片设计,电子-半导体-数字芯片设计,国产芯片、光芯片、粤港澳大湾区、专精特新、5G概念、AIPC、昨日高振幅、2026一季报扭亏、贬值受益、长江存储、存储芯片、深成500、通信技术、东方财富热股、智能穿戴、大盘成长、信创、中芯概念、百日新高 、CPO概念、人工智能、科技风格、2025年报预增、MSCI中国、题材股、融资融券、深股通、近期新高、中证500、半导体概念、大盘股、数据中心、历史新高 、汽车电子,81.000,891.00,829.19,12.58,1.21,2028.89万,15.10,30.5161,2021.19亿,1437.42亿
19,300136,信维通信,116.73,13.20,A股,信维通信,170.88亿,电子-消费电子-消费电子零部件及组装,电子-消费电子-消费电子零部件及组装,国产芯片、中盘股、贬值受益、深圳特区、深成500、智能穿戴、央视50_、富时罗素、无线充电、MLCC、物联网、机器人概念、低空经济、融资融券、无人机、商业航天、苹果概念、智能音箱、被动元件概念、卫星导航、无线耳机、粤港澳大湾区、5G概念、昨日高振幅、电子烟、车联网、柔性屏、华为概念、通信技术、消费电子概念、越疆机器人、毫米波概念、混合现实、科技风格、富士康概念、MSCI中国、卫星互联网、6G概念、AI眼镜、深股通、虚拟现实、卫星通信、中证500、UWB概念、一带一路、海峡两岸、创业板综、WiFi6、WiFi、汽车电子、特斯拉概念,13.610,117.56,102.30,18.90,1.33,1.56亿,269.20,14.1624,1129.44亿,963.26亿
20,300475,香农芯创,306.25,5.75,A股,香农芯创,170.08亿,电子-其他电子Ⅱ-其他电子Ⅲ,电子-其他电子Ⅱ-其他电子Ⅲ,国产芯片、粤港澳大湾区、中盘股、融资融券、东数西算、行业龙头、深股通、贬值受益、抖音概念、中盘成长、中证500、半导体概念、存储芯片、深成500、芯片分销、数据中心、腾讯概念、高带宽内存、2026一季报预增、创业板综、科技风格、2025年报预增、MSCI中国、阿里概念,16.650,313.80,291.02,12.47,1.13,5613.90万,27.08,29.1454,1437.97亿,1378.23亿
21,002156,通富微电,77.81,4.25,A股,通富微电,162.73亿,电子-半导体-集成电路封测,电子-半导体-集成电路封测,国产芯片、AIPC、昨日高振幅、贬值受益、国家大基金持股、第三代半导体、存储芯片、标准普尔、深成500、华为概念、通信技术、东方财富热股、智能穿戴、消费电子概念、创投、大盘成长、CPO概念、毫米波概念、科技风格、富时罗素、2025年报预增、物联网、MSCI中国、华为海思、移动支付、融资融券、深股通、智能座舱、半导体概念、先进封装、大盘股、碳化硅、玻璃基板、比亚迪概念、海峡两岸、汽车芯片、长江三角、传感器、汽车电子、特斯拉概念,3.170,79.38,74.00,13.86,1.18,2.10亿,89.71,7.6009,1180.84亿,1180.73亿
22,002463,沪电股份,154.99,8.12,A股,沪电股份,157.22亿,电子-元件-印制电路板,电子-元件-印制电路板,国产芯片、5G概念、周期股、深证100R、贬值受益、新能源车、标准普尔、深成500、华为概念、通信技术、趋势股、污水处理、HS300_、大盘成长、2026一季报预增、毫米波概念、无人驾驶、科技风格、富时罗素、MSCI中国、融资融券、深股通、台资控股、大盘股、PCB、数据中心、海峡两岸、服务器PCB、汽车电子、通信PCB,11.640,156.33,140.00,5.43,1.22,1.04亿,60.03,18.8440,2982.57亿,2980.16亿
23,600703,三安光电,21.67,-0.64,A股,三安光电,150.53亿,电子-光学光电子-LED,电子-光学光电子-LED,国产芯片、LED概念、周期股、数字经济、国家大基金持股、氮化镓、东方财富热股、大盘成长、无人驾驶、富时罗素、题材股、融资融券、低空经济、华为汽车、太空光伏、商业航天、金属回收、半导体概念、碳化硅、苹果概念、先进封装、数据中心、光伏概念、卫星导航、汽车芯片、MiniLED、光芯片、5G概念、昨日高振幅、光通信模块、新能源车、第三代半导体、标准普尔、小米概念、最近多板、通信技术、消费电子概念、巨量转移、MicroLED、百日新高 、荣耀概念、CPO概念、科技风格、MSCI中国、安防概念、福建自贸区、宁组合、AI眼镜、近期新高、充电桩、沪股通、大盘股、蓝宝石、MicroLED芯片、比亚迪概念、海峡两岸、植物照明,-0.140,22.88,21.09,13.77,1.89,6.87亿,400.46,3.0978,1081.12亿,1081.12亿
24,601899,紫金矿业,25.92,-6.26,A股,紫金矿业,150.37亿,有色金属-工业金属-铜,有色金属-工业金属-铜,周期股、上证180_、证金持股、贬值受益、金属钴、黄金加工、标准普尔、黄金开采、金属锌、HS300_、盐湖提锂、央国企改革、金属铅、小金属概念、富时罗素、2025年报预增、MSCI中国、黄金概念、金属铜、福建自贸区、权重股、稀缺资源、融资融券、行业龙头、沪股通、大盘股、氢能源、铜矿、上证50_、一带一路、锂电池概念、锂矿概念,-1.730,26.76,25.73,2.80,1.64,5.76亿,8.58,3.6376,6892.31亿,5339.98亿
25,601138,工业富联,76.99,0.27,A股,工业富联,149.51亿,电子-消费电子-消费电子零部件及组装,电子-消费电子-消费电子零部件及组装,国产芯片、数据中心液冷、区块链、5G概念、两岸合作、东数西算、上证180_、新能源车、车联网、工业互联、标准普尔、深圳特区、新型工业化、东方财富热股、创投、HS300_、UQD连接器、算力租赁、CPO概念、独角兽、人工智能、科技风格、富时罗素、富士康概念、2025年报预增、物联网、MSCI中国、阿里概念、机器人概念、云计算、权重股、融资融券、医疗器械概念、行业龙头、液冷概念、算力概念、虚拟现实、沪股通、智慧城市、大盘股、苹果概念、数据中心、英伟达概念、海峡两岸、大数据,0.210,77.70,74.85,0.99,0.73,1.96亿,36.05,8.6699,1.53万亿,1.53万亿
26,600176,中国巨石,70.80,9.23,A股,中国巨石,148.77亿,建筑材料-玻璃玻纤-玻纤制造,建筑材料-玻璃玻纤-玻纤制造,周期股、昨日高振幅、上证180_、标准普尔、最近多板、东方财富热股、HS300_、2026一季报预增、央国企改革、百日新高 、DeepSeek概念、中字头、富时罗素、PEEK材料概念、MSCI中国、题材股、融资融券、行业龙头、近期新高、昨日首板、养老金、沪股通、电子布、大盘股、PCB、光伏概念、新材料、历史新高 、一带一路、中欧经济一体化、风能、长江三角,5.980,71.30,65.66,5.37,1.06,2.15亿,55.92,8.9880,2834.22亿,2834.22亿
27,300285,国瓷材料,98.40,7.28,A股,国瓷材料,147.38亿,电子-电子化学品Ⅱ-电子化学品Ⅲ,电子-电子化学品Ⅱ-电子化学品Ⅲ,国产芯片、中盘股、5G概念、新能源车、3D打印、深成500、节能环保、宁德时代概念、电池技术、趋势股、消费电子概念、固态电池、CPO概念、科技风格、富时罗素、牙科医疗、MLCC、题材股、融资融券、深股通、中盘成长、中证500、商业航天、蓝宝石、被动元件概念、氢能源、新材料、卫星导航、比亚迪概念、锂电池概念、创业板综,6.680,100.98,87.00,18.00,1.04,1.54亿,172.40,13.7969,981.10亿,840.01亿
28,002281,光迅科技,261.46,-1.84,A股,光迅科技,145.59亿,通信-通信设备-通信网络设备及器件,通信-通信设备-通信网络设备及器件,国产芯片、光芯片、5G概念、东数西算、OCS交换机、光通信模块、抖音概念、标准普尔、深成500、华为概念、通信技术、东方财富热股、大盘成长、腾讯概念、央国企改革、百度概念、CPO概念、量子通信、科技风格、富时罗素、MSCI中国、阿里概念、量子科技、激光雷达、6G概念、融资融券、液冷概念、深股通、字节系算力、量子测量、中证500、F5G概念、大盘股、先进封装、华为系算力、数据中心、一带一路、光纤概念、6G元器件、湖北三资改革、湖北自贸,-4.900,271.12,256.00,7.11,1.13,5548.57万,225.46,15.6508,2163.75亿,2040.69亿
29,300408,三环集团,163.62,12.64,A股,三环集团,139.15亿,电子-元件-被动元件,电子-元件-被动元件,5G概念、周期股、深证100R、证金持股、燃料电池概念、光通信模块、深成500、华为概念、小米概念、通信技术、智能穿戴、电池技术、趋势股、消费电子概念、HS300_、大盘成长、CPO概念、科技风格、富时罗素、MLCC、MSCI中国、融资融券、深股通、大盘股、被动元件概念、数据中心、新材料、光纤概念、创业板综、SOFC,18.360,165.00,147.00,4.75,1.19,8879.11万,99.12,14.5602,3135.77亿,3059.37亿
30,002008,大族激光,152.80,0.37,A股,大族激光,132.64亿,机械设备-自动化设备-激光设备,机械设备-自动化设备-激光设备,国产芯片、火箭发射、中盘股、钙钛矿设备、3D打印、深圳特区、深成500、存储芯片、宁德时代概念、新型工业化、东方财富热股、OLED、央视50_、富时罗素、物联网、机器人概念、MicroLED设备、融资融券、中盘成长、商业航天、半导体概念、苹果概念、先进封装、PCB、光伏概念、玻璃基板、光纤概念、先进封装材料、机器人执行器、MiniLED、粤港澳大湾区、工业母机、昨日高振幅、证金持股、新能源车、钙钛矿电池、第三代半导体、标准普尔、先进制造风格、华为概念、TOPCON电池、小米概念、电池技术、消费电子概念、固态电池、巨量转移、MicroLED、光刻机/胶、混合现实、富士康概念、MSCI中国、AI眼镜、深股通、中证500、蓝箭航天、银河通用、机器视觉、锂电池概念、HJT电池、比亚迪概念、3D打印设备、高端装备、先进封装设备、电池设备、减速器、TOPCon电池、特斯拉概念,0.570,156.60,147.80,9.13,0.84,8735.76万,111.08,7.6884,1573.23亿,1461.88亿
31,600183,生益科技,187.20,5.58,A股,生益科技,131.80亿,电子-元件-印制电路板,电子-元件-印制电路板,国产芯片、5G概念、周期股、昨日高振幅、上证180_、光通信模块、新能源车、存储芯片、标准普尔、华为概念、通信技术、东方财富热股、趋势股、HS300_、大盘成长、2025三季报预增、毫米波概念、CPO概念、科技风格、富时罗素、2025年报预增、MSCI中国、题材股、融资融券、沪股通、商业航天、大盘股、先进封装、PCB、上证50_、先进封装材料、汽车电子、MiniLED,9.900,188.00,175.18,2.99,0.77,7154.99万,98.16,28.4483,4547.31亿,4482.51亿
32,300750,宁德时代,401.90,1.65,A股,宁德时代,129.00亿,电力设备-电池-锂电池,电力设备-电池-锂电池,钠离子电池、周期股、深证100R、新能源车、深成500、宁德时代概念、先进制造风格、华为概念、长安汽车概念、电池技术、HS300_、固态电池、储能概念、蚂蚁概念、富时罗素、MSCI中国、动力电池回收、宁组合、权重股、融资融券、行业龙头、华为汽车、深股通、大盘股、麒麟电池、小米汽车、换电概念、锂电池概念、茅指数、创业板综、锂矿概念、特斯拉概念,6.540,402.55,392.58,0.76,0.83,3240.46万,22.42,5.6895,1.86万亿,1.71万亿
33,300223,北京君正,237.36,20.00,A股,北京君正,126.58亿,电子-半导体-数字芯片设计,电子-半导体-数字芯片设计,国产芯片、中盘股、区块链、鸿蒙概念、贬值受益、抖音概念、CPU、3D打印、存储芯片、深成500、小米概念、智能穿戴、消费电子概念、京津冀一体化、SRAM存储、智能家居、毫米波概念、人工智能、无人驾驶、OLED、科技风格、富时罗素、MCU芯片、物联网、MSCI中国、人脸识别、机器人概念、安防概念、融资融券、AI眼镜、深股通、超清视频、智能座舱、中证500、半导体概念、智能音箱、机器视觉、3D打印设备、创业板综、汽车芯片、传感器、汽车电子、DRAM存储、MiniLED,39.560,237.36,206.00,13.38,1.12,5643.67万,89.98,9.0556,1148.03亿,1000.93亿
34,603019,中科曙光,97.82,10.00,A股,中科曙光,125.37亿,计算机-计算机设备-其他计算机设备,计算机-计算机设备-其他计算机设备,国产芯片、区块链、数字经济、上证180_、冷却液、抖音概念、新型工业化、AI智能体、东方财富热股、大盘成长、腾讯概念、边缘计算、独角兽、中国AI 50、国产操作系统、量子通信、中字头、富时罗素、融资融券、液冷概念、网络安全、数据中心、Web3.0、智能电网、智能医疗、大数据、数据中心液冷、东数西算、工业互联、标准普尔、创投、HS300_、信创、VPN、算力租赁、百度概念、央国企改革、DeepSeek概念、人工智能、科技风格、MSCI中国、量子科技、云计算、数据安全、数字孪生、雄安新区、算力概念、沪股通、智慧城市、大盘股、上证50_、一带一路、中特估、智谱AI,8.890,97.82,92.16,9.00,2.57,1.32亿,157.04,6.5055,1431.22亿,1431.16亿
35,600584,长电科技,104.17,10.00,A股,长电科技,123.21亿,电子-半导体-集成电路封测,电子-半导体-集成电路封测,国产芯片、IGBT概念、昨日高振幅、上证180_、国家大基金持股、贬值受益、第三代半导体、存储芯片、标准普尔、最近多板、通信技术、东方财富热股、智能穿戴、消费电子概念、HS300_、中芯概念、高带宽内存、央国企改革、CPO概念、毫米波概念、人工智能、无人驾驶、科技风格、富时罗素、物联网、MSCI中国、机器人概念、华为海思、融资融券、沪股通、绿色电力、半导体概念、先进封装、大盘股、苹果概念、玻璃基板、新材料、生物识别、汽车芯片、先进封装设备、长江三角、汽车电子,9.470,104.17,99.99,6.69,0.51,1.20亿,160.54,6.5205,1864.03亿,1864.03亿
36,002428,云南锗业,130.10,5.70,A股,云南锗业,123.04亿,有色金属-小金属-其他小金属,有色金属-小金属-其他小金属,国产芯片、中盘股、西部大开发、昨日高振幅、光通信模块、第三代半导体、深成500、华为概念、最近多板、通信技术、东方财富热股、昨日高换手、百日新高 、小金属概念、富时罗素、题材股、军工、稀缺资源、融资融券、深股通、近期新高、中盘成长、2025年报预减、商业航天、金属回收、半导体概念、光伏概念、氟化工概念、历史新高 、卫星导航、光纤概念,7.010,132.88,123.09,14.53,0.99,9490.93万,2332.54,57.8350,849.71亿,849.60亿
37,002185,华天科技,22.40,6.77,A股,华天科技,120.77亿,电子-半导体-集成电路封测,电子-半导体-集成电路封测,国产芯片、中盘股、5G概念、西部大开发、昨日高振幅、国家大基金持股、第三代半导体、氮化镓、存储芯片、标准普尔、深成500、华为概念、通信技术、东方财富热股、昨日高换手、高带宽内存、CPO概念、毫米波概念、人工智能、无人驾驶、富时罗素、物联网、MSCI中国、机器人概念、华为海思、融资融券、深股通、智能座舱、中证500、半导体概念、先进封装、比亚迪概念、先进封装材料、汽车芯片、传感器、汽车电子,1.420,22.65,20.73,16.50,1.07,5.48亿,214.45,4.1719,744.45亿,744.27亿
38,300433,蓝思科技,55.72,5.29,A股,蓝思科技,120.35亿,电子-消费电子-消费电子零部件及组装,电子-消费电子-消费电子零部件及组装,深证100R、AIPC、贬值受益、3D打印、深成500、宁德时代概念、新型工业化、智能穿戴、趋势股、太空算力、蚂蚁概念、OLED、富时罗素、机器人概念、融资融券、人脑工程、光伏玻璃、液冷概念、太空光伏、商业航天、苹果概念、先进封装、光伏概念、玻璃基板、光纤概念、无线耳机、电子烟、元宇宙概念、新能源车、灵巧手、工业互联、柔性屏、华为概念、小米概念、TOPCON电池、消费电子概念、HS300_、AI手机结构件、越疆机器人、智能家居、荣耀概念、混合现实、科技风格、MSCI中国、AI手机、AI眼镜、充电桩、深股通、虚拟现实、智能座舱、大盘股、蓝宝石、新材料、人形机器人、小米汽车、比亚迪概念、创业板综、减速器、智能物流、传感器、汽车电子、3D玻璃、特斯拉概念,2.800,58.50,52.82,4.31,1.04,2.14亿,-491.53,5.3856,2941.31亿,2769.12亿
39,000021,深科技,53.20,5.83,A股,深科技,119.22亿,电子-消费电子-消费电子零部件及组装,电子-消费电子-消费电子零部件及组装,国产芯片、中盘股、区块链、昨日高振幅、数字经济、贬值受益、新能源车、光通信模块、第三代半导体、存储芯片、标准普尔、深圳特区、深成500、最近多板、东方财富热股、消费电子概念、储能概念、央国企改革、百日新高 、CPO概念、超级电容、富时罗素、物联网、MSCI中国、电网概念、机器人概念、医疗器械概念、融资融券、深股通、近期新高、虚拟电厂、昨日首板、无人机、中证500、半导体概念、先进封装、历史新高 、智能电网、先进封装材料、智能物流、DRAM存储、汽车电子,2.930,54.27,52.00,14.26,1.23,2.24亿,86.46,6.4359,837.56亿,837.44亿
40,688012,中微公司,399.13,4.21,A股,中微公司,119.03亿,电子-半导体-半导体设备,电子-半导体-半导体设备,国产芯片、LED概念、区块链、上证180_、国家大基金持股、工业互联、存储芯片、HS300_、大盘成长、中芯概念、高带宽内存、科创板做市股、科技风格、富时罗素、MSCI中国、宁组合、融资融券、沪股通、半导体概念、大盘股、先进封装、上证50_、股权激励、先进封装设备、长江三角、MiniLED,16.130,412.50,388.01,3.17,0.99,2967.57万,100.48,14.6816,3739.74亿,3739.74亿
41,000100,TCL科技,5.34,10.10,A股,TCL科技,119.02亿,电子-光学光电子-面板,电子-光学光电子-面板,屏下摄像、国产芯片、粤港澳大湾区、周期股、电子纸概念、深证100R、AIPC、证金持股、工业互联、标准普尔、深成500、柔性屏、AI芯片、华为概念、小米概念、消费电子概念、HS300_、MicroLED、超级品牌、OLED、科技风格、富时罗素、2025年报预增、MSCI中国、融资融券、AI眼镜、显示技术、深股通、虚拟现实、绿色电力、硅能源、半导体概念、大盘股、PCB、光伏概念、比亚迪概念、参股银行、MiniLED,0.490,5.34,5.02,11.80,1.46,22.58亿,17.84,1.8265,1110.77亿,1021.65亿
42,000636,风华高科,79.62,10.00,A股,风华高科,111.75亿,电子-元件-被动元件,电子-元件-被动元件,粤港澳大湾区、中盘股、5G概念、东数西算、昨日高振幅、高压快充、深成500、华为概念、通信技术、东方财富热股、电池技术、趋势股、智能穿戴、创投、央国企改革、CPO概念、超级电容、科技风格、小金属概念、MLCC、机器人概念、题材股、融资融券、低空经济、液冷概念、AI眼镜、深股通、虚拟机器人、无人机、中盘成长、商业航天、被动元件概念、光伏概念、卫星导航、锂电池概念、比亚迪概念、传感器、汽车电子,7.240,79.62,71.00,12.54,1.01,1.45亿,260.06,7.3798,921.21亿,921.21亿
43,600030,中信证券,28.98,3.91,A股,中信证券,108.27亿,非银金融-证券Ⅱ-证券Ⅲ,非银金融-证券Ⅱ-证券Ⅲ,权重股、周期股、融资融券、行业龙头、参股期货、上证180_、证金持股、沪股通、券商概念、标准普尔、深圳特区、大盘股、华为概念、HS300_、上证50_、互联网金融、科创板做市商、富时罗素、金融地产风格、MSCI中国、参股银行,1.090,29.06,27.71,3.11,1.21,3.79亿,10.51,1.5047,4294.99亿,3528.76亿
44,000657,中钨高新,105.68,5.60,A股,中钨高新,107.09亿,有色金属-小金属-钨,有色金属-小金属-钨,周期股、工业母机、深证100R、乡村振兴、昨日高振幅、海南自贸、金属钴、雅下水电概念、深成500、东方财富热股、创投、趋势股、HS300_、2026一季报预增、央国企改革、DeepSeek概念、小金属概念、富时罗素、中字头、MSCI中国、题材股、金属铜、军工、医疗器械概念、融资融券、深股通、养老金、金属回收、大盘股、PCB、光伏概念、新材料、可控核聚变、金属钨、高端装备、盾构机,5.600,107.58,98.00,7.08,0.95,1.03亿,65.36,22.5384,2408.03亿,1535.45亿
45,688521,芯原股份,338.05,12.35,A股,芯原股份,106.95亿,电子-半导体-数字芯片设计,电子-半导体-数字芯片设计,国产芯片、东数西算、上证180_、国家大基金持股、GPU、AI芯片、HS300_、大盘成长、腾讯概念、人工智能、无人驾驶、科技风格、MCU芯片、物联网、MSCI中国、阿里概念、AI手机、上海自贸、融资融券、AI眼镜、数字货币、虚拟现实、沪股通、ASIC芯片、半导体概念、先进封装、大盘股、智能音箱、汽车芯片,37.150,350.88,295.31,6.31,1.24,3319.62万,-130.40,56.4937,1777.86亿,1777.86亿
46,601869,长飞光纤,575.00,-0.86,A股,长飞光纤,104.47亿,通信-通信设备-通信线缆及配套,通信-通信设备-通信线缆及配套,光纤光缆、国产芯片、专精特新、5G概念、海工装备、东数西算、昨日高振幅、光通信模块、抖音概念、新能源车、工业互联、第三代半导体、标准普尔、铜缆高速连接、最近多板、通信技术、东方财富热股、趋势股、创投、大盘成长、空芯光纤、百日新高 、CPO概念、量子通信、科技风格、富时罗素、MSCI中国、机器人概念、量子科技、题材股、融资融券、近期新高、超清视频、上证380、中证500、沪股通、特高压、大盘股、碳化硅、数据中心、历史新高 、人形机器人、光纤概念、一带一路、智能电网、太赫兹、风能,-5.000,600.00,565.00,4.43,1.13,1801.20万,240.36,33.4491,4760.45亿,2336.45亿
47,000988,华工科技,173.58,3.39,A股,华工科技,104.42亿,机械设备-自动化设备-激光设备,机械设备-自动化设备-激光设备,国产芯片、全息技术、深证100R、乡村振兴、高压快充、3D打印、深成500、存储芯片、宁德时代概念、AI智能体、铜缆高速连接、新型工业化、大盘成长、腾讯概念、农机、2026一季报预增、独角兽、量子通信、富时罗素、物联网、基因测序、阿里概念、机器人概念、数据要素、航空发动机、融资融券、华为汽车、F5G概念、商业航天、半导体概念、苹果概念、先进封装、PCB、华为系算力、玻璃基板、卫星导航、汽车热管理、湖北三资改革、湖北自贸、MiniLED、光芯片、专精特新、5G概念、工业母机、东数西算、光通信模块、新能源车、钙钛矿电池、第三代半导体、工业互联、标准普尔、柔性屏、先进制造风格、华为概念、通信技术、长安汽车概念、创投、HS300_、MicroLED、央国企改革、智能家居、百度概念、CPO概念、DeepSeek概念、MSCI中国、量子科技、大飞机、6G概念、数字孪生、移动支付、充电桩、深股通、智能座舱、智慧城市、大盘股、蓝宝石、IPO受益、氢能源、新材料、比亚迪概念、6G元器件、锂电池概念、高端装备、传感器、汽车电子、3D玻璃、特斯拉概念,5.690,174.34,165.40,6.06,0.81,6089.61万,68.34,15.2585,1745.35亿,1744.45亿
48,300604,长川科技,309.99,0.86,A股,长川科技,99.59亿,电子-半导体-半导体设备,电子-半导体-半导体设备,国产芯片、题材股、专精特新、融资融券、两岸合作、昨日高振幅、深股通、近期新高、国家大基金持股、中证500、半导体概念、存储芯片、深成500、大盘股、东方财富热股、大盘成长、2025三季报预增、历史新高 、百日新高 、海峡两岸、创业板综、科技风格、2025年报预增、MSCI中国,2.640,316.50,298.90,6.62,0.99,3242.29万,139.46,39.1003,1966.63亿,1517.31亿
49,300033,同花顺,259.00,7.83,A股,同花顺,96.02亿,计算机-软件开发-垂直应用软件,计算机-软件开发-垂直应用软件,区块链、多模态AI、鸿蒙概念、深证100R、证金持股、深成500、AI智能体、HS300_、大盘成长、互联网金融、AI应用、人工智能、科技风格、富时罗素、2025年报预增、AI语料、MSCI中国、云计算、数据要素、融资融券、行业龙头、深股通、虚拟机器人、AIGC概念、ChatGPT概念、券商概念、大盘股、国产软件、创业板综、智能医疗、长江三角、大数据,18.800,265.88,239.30,8.62,1.40,3780.20万,190.41,45.8900,1949.34亿,1135.48亿
50,600105,永鼎股份,72.96,6.14,A股,永鼎股份,94.55亿,通信-通信设备-通信线缆及配套,通信-通信设备-通信线缆及配套,国产芯片、中盘股、海工装备、3D打印、磁悬浮概念、东方财富热股、趋势股、富时罗素、超导材料、题材股、军工、融资融券、低空经济、华为汽车、昨日首板、中盘成长、商业航天、网络安全、数据中心、超导概念、光纤概念、长江三角、大数据、光芯片、光纤光缆、专精特新、5G概念、东数西算、昨日高振幅、光通信模块、新能源车、工业互联、标准普尔、华为概念、最近多板、通信技术、核能核电、百日新高 、CPO概念、科技风格、2025年报预增、MSCI中国、数据安全、近期新高、中证500、沪股通、历史新高 、可控核聚变、一带一路、比亚迪概念、3D打印设备、风能、参股银行,4.220,73.97,68.10,9.03,0.88,1.32亿,167.90,32.3599,1066.67亿,1066.67亿
51,002371,北方华创,798.00,3.63,A股,北方华创,94.54亿,电子-半导体-半导体设备,电子-半导体-半导体设备,国产芯片、深证100R、昨日高振幅、长江存储、国家大基金持股、第三代半导体、氮化镓、存储芯片、标准普尔、深成500、华为概念、电池技术、HS300_、大盘成长、中芯概念、高带宽内存、光刻机/胶、央国企改革、百日新高 、中国AI 50、OLED、科技风格、富时罗素、MSCI中国、宁组合、权重股、华为海思、融资融券、深股通、近期新高、半导体概念、大盘股、光伏概念、历史新高 、锂电池概念、茅指数,27.930,810.00,775.00,1.64,1.07,1188.40万,88.56,14.9478,5791.00亿,5786.38亿
52,688797,C臻宝,574.44,-1.81,A股,臻宝科技,94.17亿,电子-半导体-半导体材料,电子-半导体-半导体材料,东方财富热股、专精特新、融资融券、西部大开发、国家大基金持股、高端装备、OLED、注册制次新股、半导体概念、存储芯片、次新股、先进封装,-10.560,619.97,530.00,55.84,0.73,1630.20万,437.06,31.1033,892.05亿,167.69亿
53,301217,铜冠铜箔,183.27,-1.83,A股,铜冠铜箔,92.16亿,电力设备-电池-锂电池,电力设备-电池-锂电池,题材股、中盘股、融资融券、5G概念、2025年报扭亏、深股通、深成500、宁德时代概念、锂电铜箔、PET铜箔、PCB、先进制造风格、东方财富热股、电池技术、趋势股、固态电池、储能概念、锂电池概念、比亚迪概念、央国企改革、创业板综、固态铜箔、PCB铜箔、安徽三资改革,-3.420,187.58,176.00,6.10,1.01,5057.59万,357.16,27.6188,1519.34亿,1519.34亿
54,002407,多氟多,43.79,-1.04,A股,多氟多,90.02亿,基础化工-化学制品-氟化工,基础化工-化学制品-氟化工,钠离子电池、国产芯片、六氟磷酸锂、中盘股、昨日高振幅、化工原料、新能源车、第三代半导体、工业互联、标准普尔、深成500、存储芯片、东方财富热股、创投、昨日高换手、电池技术、固态电池、储能概念、核能核电、中芯概念、PVDF概念、独角兽、富时罗素、动力电池回收、题材股、中盘价值、数字孪生、融资融券、2025年报扭亏、深股通、中证500、硅能源、半导体概念、氟化工概念、新材料、锂电池概念、比亚迪概念、氢氟酸、股权激励、特斯拉概念,-0.460,45.96,43.25,18.79,0.99,2.03亿,34.70,6.1047,521.29亿,472.39亿
55,002837,英维克,86.99,4.98,A股,英维克,89.44亿,机械设备-专用设备-其他专用设备,机械设备-专用设备-其他专用设备,粤港澳大湾区、5G概念、东数西算、深证100R、昨日高振幅、新能源车、抖音概念、深圳特区、深成500、先进制造风格、华为概念、通信技术、东方财富热股、HS300_、大盘成长、UQD连接器、腾讯概念、储能概念、CDU、中国AI 50、MSCI中国、阿里概念、军工、融资融券、液冷概念、充电桩、深股通、字节系算力、大盘股、数据中心、英伟达概念、比亚迪概念、腾讯云、高铁、冷链物流,4.130,89.69,84.10,9.12,1.17,1.03亿,3201.11,33.5972,1108.56亿,983.39亿
56,000063,中兴通讯,38.44,2.73,A股,中兴通讯,89.24亿,通信-通信设备-通信网络设备及器件,通信-通信设备-通信网络设备及器件,国产芯片、屏下摄像、多模态AI、区块链、深证100R、乡村振兴、数字经济、抖音概念、深圳特区、深成500、AI智能体、AI芯片、交换机、智能穿戴、腾讯概念、边缘计算、AI应用、中国AI 50、量子通信、国产操作系统、富时罗素、无线充电、物联网、机器人概念、低空经济、融资融券、液冷概念、超清视频、无人机、ChatGPT概念、商业航天、网络安全、数据中心、AI手机代工、卫星导航、光纤概念、星闪概念、汽车芯片、智能医疗、无线耳机、粤港澳大湾区、数据中心液冷、5G概念、东数西算、IPv6、通感一体化、证金持股、DPU、新能源车、元宇宙概念、水利建设、车联网、工业互联、标准普尔、通信技术、消费电子概念、HS300_、信创、百度概念、在线教育、DeepSeek概念、人工智能、科技风格、MSCI中国、AI手机、量子科技、卫星互联网、云计算、6G概念、AI眼镜、深股通、算力概念、空管系统、虚拟现实、智慧城市、大盘股、人形机器人、比亚迪概念、锂电池概念、海峡两岸、太赫兹、汽车电子,1.020,38.80,37.31,5.81,1.12,2.34亿,35.08,2.3978,1838.79亿,1548.22亿
57,603259,药明康德,117.22,1.58,A股,药明康德,88.90亿,医药生物-医疗服务-医疗研发外包,医药生物-医疗服务-医疗研发外包,CRO、昨日高振幅、上证180_、贬值受益、标准普尔、东方财富热股、医药医疗风格、HS300_、百日新高 、独角兽、富时罗素、创新药、2025年报预增、MSCI中国、CAR-T细胞疗法、创新医疗服务、宁组合、权重股、融资融券、行业龙头、近期新高、昨日触板、沪股通、大盘股、上证50_、茅指数、昨日炸板,1.820,118.50,113.23,3.09,1.26,7643.44万,18.80,4.3989,3497.56亿,2899.18亿
58,600498,烽火通信,84.69,2.95,A股,烽火通信,87.82亿,通信-通信设备-通信网络设备及器件,通信-通信设备-通信网络设备及器件,国产芯片、国资云概念、中盘股、海工装备、AI智能体、趋势股、空芯光纤、华为昇腾、富时罗素、华为鲲鹏、数据要素、智慧政务、融资融券、液冷概念、中盘成长、上证380、F5G概念、商业航天、特高压、网络安全、华为系算力、数据中心、卫星导航、光纤概念、汽车芯片、智能医疗、湖北三资改革、大数据、湖北自贸、光纤光缆、数据中心液冷、5G概念、东数西算、IPv6、昨日高振幅、光通信模块、数字乡村、标准普尔、通信技术、创投、央国企改革、CPO概念、DeepSeek概念、人工智能、科技风格、MCU芯片、MSCI中国、卫星互联网、云计算、数据安全、6G概念、算力概念、中证500、沪股通、智慧城市、一带一路、中特估、WiFi6,2.430,87.40,81.69,8.14,0.77,1.04亿,749.00,6.5457,1150.23亿,1076.94亿
59,300274,阳光电源,152.66,-1.38,A股,阳光电源,87.78亿,电力设备-光伏设备-逆变器,电力设备-光伏设备-逆变器,周期股、深证100R、数字经济、新能源车、深成500、宁德时代概念、先进制造风格、HS300_、大盘成长、储能概念、富时罗素、MSCI中国、阿里概念、宁组合、权重股、融资融券、行业龙头、充电桩、深股通、虚拟电厂、储能变流器、大盘股、数据中心、光伏概念、氢能源、系统集成、茅指数、创业板综、光伏逆变器、风能,-2.140,155.60,149.63,3.64,0.77,5779.73万,34.53,6.6997,3164.96亿,2423.52亿
60,000066,中国长城,20.47,7.74,A股,中国长城,83.86亿,计算机-计算机设备-其他计算机设备,计算机-计算机设备-其他计算机设备,国产芯片、钠离子电池、中盘股、区块链、海工装备、数字经济、AIPC、CPU、深圳特区、深成500、交换机、东方财富热股、中国AI 50、国产操作系统、中字头、富时罗素、互联医疗、华为鲲鹏、军工、融资融券、液冷概念、商业航天、网络安全、华为系算力、数据中心、卫星导航、智能电网、大数据、北斗导航、粤港澳大湾区、数据中心液冷、5G概念、东数西算、昨日高振幅、车联网、标准普尔、华为概念、军民融合、通信技术、电池技术、消费电子概念、信创、央国企改革、百度概念、DeepSeek概念、人工智能、MSCI中国、量子科技、数据安全、充电桩、深股通、智慧城市、参股券商、锂电池概念、中特估、汽车电子,1.470,20.80,18.31,13.34,1.53,4.30亿,-197.42,6.0403,660.32亿,660.27亿
61,300570,太辰光,258.31,-4.80,A股,太辰光,83.75亿,通信-通信设备-通信网络设备及器件,通信-通信设备-通信网络设备及器件,国产芯片、中盘股、5G概念、融资融券、深股通、算力概念、贬值受益、光通信模块、中盘成长、中证500、F5G概念、深圳特区、深成500、铜缆高速连接、MPO连接器、通信技术、数据中心、趋势股、光纤概念、CPO概念、创业板综、物联网、传感器,-13.010,277.26,246.30,16.86,1.16,3241.26万,222.98,33.1656,586.69亿,496.45亿
62,600460,士兰微,49.86,-0.30,A股,士兰微,83.56亿,电子-半导体-分立器件,电子-半导体-分立器件,国产芯片、LED概念、中盘股、共同富裕示范区、IGBT概念、昨日高振幅、国家大基金持股、新能源车、第三代半导体、氮化镓、标准普尔、小米概念、华为概念、东方财富热股、智能穿戴、消费电子概念、HS300_、百日新高 、OLED、富时罗素、MCU芯片、2025年报预增、MSCI中国、题材股、融资融券、近期新高、中盘成长、上证380、沪股通、半导体概念、碳化硅、先进封装、光伏概念、比亚迪概念、汽车芯片、长江三角、风能、传感器、汽车电子、MiniLED,-0.150,51.43,48.11,10.13,0.95,1.69亿,99.32,6.8026,829.71亿,829.71亿
63,603083,剑桥科技,260.40,-0.69,A股,剑桥科技,83.56亿,通信-通信设备-通信终端及配件,通信-通信设备-通信终端及配件,中盘股、5G概念、昨日高振幅、贬值受益、光通信模块、工业互联、新型工业化、华为概念、最近多板、通信技术、东方财富热股、信创、智能家居、百日新高 、边缘计算、CPO概念、科技风格、2025年报预增、物联网、MSCI中国、题材股、融资融券、液冷概念、近期新高、中盘成长、上证380、F5G概念、沪股通、历史新高 、一带一路、股权激励、WiFi6、WiFi,-1.810,263.30,253.03,11.75,1.04,3237.88万,202.60,12.8475,958.92亿,717.63亿
64,002436,兴森科技,53.53,6.57,A股,兴森科技,83.30亿,电子-元件-印制电路板,电子-元件-印制电路板,国产芯片、粤港澳大湾区、中盘股、5G概念、昨日高振幅、光通信模块、标准普尔、深圳特区、深成500、存储芯片、华为概念、军民融合、通信技术、东方财富热股、互联网金融、高带宽内存、CPO概念、毫米波概念、科技风格、富时罗素、机器人概念、卫星互联网、军工、6G概念、低空经济、融资融券、2025年报扭亏、深股通、中证500、商业航天、半导体概念、先进封装、PCB、玻璃基板、6G元器件、先进封装材料、通信PCB,3.300,54.10,49.00,10.46,0.75,1.59亿,1213.46,17.2109,909.84亿,812.55亿
65,300666,江丰电子,330.00,8.54,A股,江丰电子,82.90亿,电子-半导体-半导体材料,电子-半导体-半导体材料,国产芯片、中盘股、融资融券、共同富裕示范区、深股通、中盘成长、中证500、第三代半导体、半导体概念、存储芯片、深成500、华为概念、趋势股、光伏概念、新材料、中芯概念、光刻机/胶、碳纤维、海峡两岸、创业板综、OLED、富时罗素、中韩自贸区,25.960,337.70,304.10,11.57,0.99,2558.54万,108.55,13.0352,910.70亿,729.68亿
66,301526,国际复材,47.88,6.45,A股,国际复材,82.12亿,建筑材料-玻璃玻纤-玻纤制造,建筑材料-玻璃玻纤-玻纤制造,中盘股、5G概念、西部大开发、昨日高振幅、数字经济、工业互联、深成500、华为概念、通信技术、东方财富热股、趋势股、消费电子概念、央国企改革、百日新高 、PEEK材料概念、题材股、融资融券、2025年报扭亏、深股通、近期新高、中盘成长、昨日触板、中证500、绿色电力、电子布、华为手机、特高压、PCB、光伏概念、历史新高 、一带一路、创业板综、风能、汽车电子,2.900,49.20,42.60,12.37,0.87,1.74亿,167.06,21.1521,1805.50亿,672.42亿
67,600549,厦门钨业,85.86,3.41,A股,厦门钨业,82.09亿,有色金属-小金属-钨,有色金属-小金属-钨,上证180_、金属钴、标准普尔、宁德时代概念、电池技术、趋势股、HS300_、固态电池、央国企改革、独角兽、小金属概念、富时罗素、MLCC、MSCI中国、机器人概念、动力电池回收、军工、稀土永磁、福建自贸区、稀缺资源、融资融券、偏滤器、无人机、沪股通、商业航天、大盘股、稀土开采、氢能源、光伏概念、新材料、可控核聚变、金属钨、锂电池概念、海峡两岸,2.830,87.50,81.55,6.18,0.72,9604.41万,30.79,7.7163,1363.10亿,1334.21亿
68,300346,南大光电,74.72,-2.96,A股,南大光电,81.60亿,电子-电子化学品Ⅱ-电子化学品Ⅲ,电子-电子化学品Ⅱ-电子化学品Ⅲ,国产芯片、LED概念、专精特新、中盘股、昨日高振幅、国家大基金持股、氮化镓、深成500、存储芯片、华为概念、东方财富热股、中芯概念、光刻机/胶、百日新高 、磷化工、OLED、富时罗素、电子特气、MSCI中国、题材股、融资融券、深股通、近期新高、中盘成长、中证500、半导体概念、氟化工概念、第四代半导体、光伏概念、新材料、历史新高 、工业气体、创业板综、股权激励、长江三角,-2.280,78.55,72.81,16.62,1.20,1.09亿,103.95,15.1598,516.43亿,490.16亿
69,688347,华虹宏力,330.36,4.54,A股,华虹宏力,80.77亿,电子-半导体-集成电路制造,电子-半导体-集成电路制造,国产芯片、融资融券、昨日高振幅、近期新高、国家大基金持股、上证380、中证500、沪股通、半导体概念、存储芯片、大盘股、消费电子概念、大盘成长、历史新高 、央国企改革、百日新高 、科技风格、MSCI中国、沪企改革,14.350,336.00,308.20,6.08,0.93,2480.68万,1028.29,12.6869,5740.44亿,1347.04亿
70,300857,协创数据,341.98,0.53,A股,协创数据,79.77亿,电子-消费电子-消费电子零部件及组装,电子-消费电子-消费电子零部件及组装,国产芯片、贬值受益、网络游戏、短剧互动游戏、存储芯片、深圳特区、深成500、AI智能体、智能穿戴、大盘成长、腾讯概念、2026一季报预增、AI应用、物联网、阿里概念、云游戏、机器人概念、融资融券、AIGC概念、智能音箱、数据中心、英伟达概念、大数据、光芯片、粤港澳大湾区、5G概念、东数西算、昨日高振幅、光通信模块、车联网、小米概念、通信技术、消费电子概念、跨境电商、算力租赁、百日新高 、智能家居、CPO概念、DeepSeek概念、人工智能、科技风格、2025年报预增、MSCI中国、人脸识别、云计算、安防概念、AI眼镜、深股通、算力概念、近期新高、中证500、净水概念、大盘股、人形机器人、历史新高 、创业板综、汽车电子、EDR概念,1.790,355.55,333.39,4.82,0.70,2346.18万,55.76,32.6921,1673.52亿,1664.96亿
71,002600,领益智造,17.88,1.25,A股,领益智造,79.49亿,电子-消费电子-消费电子零部件及组装,电子-消费电子-消费电子零部件及组装,深证100R、AIPC、贬值受益、3D打印、深成500、东方财富热股、智能穿戴、太空算力、碳纤维、富时罗素、无线充电、机器人概念、稀土永磁、融资融券、低空经济、液冷概念、昨日首板、无人机、商业航天、苹果概念、智能音箱、英伟达概念、光伏概念、AI手机代工、无线耳机、5G概念、昨日高振幅、磁材加工、新能源车、灵巧手、标准普尔、柔性屏、华为概念、小米概念、最近多板、消费电子概念、HS300_、2025三季报预增、CPO概念、人工智能、混合现实、科技风格、富士康概念、MSCI中国、AI手机、激光雷达、AI眼镜、深股通、充电桩、虚拟现实、大盘股、新材料、人形机器人、比亚迪概念、增强现实、海峡两岸、光伏逆变器、减速器,0.220,18.28,17.51,6.17,1.44,4.44亿,83.41,5.3889,1306.71亿,1287.31亿
72,002491,通鼎互联,38.50,3.91,A股,通鼎互联,78.50亿,通信-通信设备-通信线缆及配套,通信-通信设备-通信线缆及配套,光纤光缆、专精特新、5G概念、昨日高振幅、北交所概念、光通信模块、标准普尔、最近多板、通信技术、东方财富热股、趋势股、固态电池、百日新高 、独角兽、富时罗素、题材股、数据安全、融资融券、数字水印、深股通、近期新高、网络安全、数据中心、小盘股、历史新高 、光纤概念、小盘成长、长江三角、大数据,1.450,39.71,37.00,17.51,1.39,2.06亿,230.89,18.7892,473.55亿,452.94亿
73,603629,利通电子,207.88,-5.08,A股,利通电子,77.69亿,电子-消费电子-消费电子零部件及组装,电子-消费电子-消费电子零部件及组装,军工、国产芯片、题材股、东数西算、昨日高振幅、液冷概念、算力概念、昨日触板、沪股通、华为概念、小米概念、东方财富热股、小盘股、英伟达概念、消费电子概念、腾讯概念、算力租赁、毫米波概念、人工智能、昨日炸板、OLED、2025年报预增、小盘成长、云计算,-11.120,225.85,205.60,14.11,1.01,3641.36万,50.25,24.2926,545.31亿,536.39亿
74,688498,源杰科技,1875.00,2.01,A股,源杰科技,74.83亿,电子-半导体-分立器件,电子-半导体-分立器件,国产芯片、光芯片、融资融券、5G概念、西部大开发、2025年报扭亏、光通信模块、上证380、中证500、沪股通、半导体概念、大盘股、华为概念、通信技术、数据中心、趋势股、大盘成长、光纤概念、CPO概念、科技风格、汽车芯片、MSCI中国,37.000,1898.00,1777.94,3.29,0.88,403.80万,325.23,94.7103,2334.38亿,2304.23亿
75,000977,浪潮信息,68.57,5.82,A股,浪潮信息,73.83亿,计算机-计算机设备-其他计算机设备,计算机-计算机设备-其他计算机设备,国产芯片、国资云概念、数据中心液冷、东数西算、深证100R、数字经济、元宇宙概念、抖音概念、车联网、水利建设、标准普尔、深成500、HS300_、大盘成长、腾讯概念、信创、CDU、算力租赁、央国企改革、百度概念、边缘计算、DeepSeek概念、人工智能、无人驾驶、国产操作系统、中国AI 50、科技风格、富时罗素、MSCI中国、云计算、融资融券、液冷概念、腾讯系算力、深股通、算力概念、AIGC概念、智慧城市、大盘股、网络安全、数据中心、英伟达概念、国产软件、大数据,3.770,69.08,63.75,7.53,1.72,1.10亿,41.62,4.5268,1006.93亿,1005.81亿
76,688766,普冉股份,754.15,1.91,A股,普冉股份,73.52亿,电子-半导体-数字芯片设计,电子-半导体-数字芯片设计,国产芯片、中盘股、融资融券、昨日高振幅、近期新高、中盘成长、沪股通、半导体概念、存储芯片、华为概念、小米概念、智能穿戴、消费电子概念、历史新高 、智能家居、百日新高 、科技风格、汽车芯片、MCU芯片、物联网、无线耳机、汽车电子,14.150,815.56,733.33,6.44,1.00,957.67万,111.65,41.6174,1121.45亿,1121.45亿
77,002409,雅克科技,181.03,4.61,A股,雅克科技,73.10亿,电子-半导体-半导体材料,电子-半导体-半导体材料,国产芯片、专精特新、中盘股、海工装备、昨日高振幅、国家大基金持股、存储芯片、标准普尔、深成500、最近多板、东方财富热股、中芯概念、高带宽内存、光刻机/胶、百日新高 、磷化工、OLED、富时罗素、电子特气、天然气、MSCI中国、题材股、融资融券、深股通、近期新高、中盘成长、中证500、半导体概念、特高压、先进封装、氟化工概念、历史新高 、工业气体,7.980,186.50,172.00,12.79,1.19,4075.47万,80.77,10.8324,861.57亿,576.62亿
78,600206,有研新材,56.16,8.50,A股,有研新材,72.93亿,电子-半导体-半导体材料,电子-半导体-半导体材料,国产芯片、5G概念、昨日高振幅、磁材加工、国家大基金持股、长江存储、3D打印、存储芯片、标准普尔、华为概念、通信技术、东方财富热股、尾气治理、昨日高换手、趋势股、2025三季报预增、中芯概念、京津冀一体化、央国企改革、百日新高 、OLED、小金属概念、富时罗素、牙科医疗、2025年报预增、题材股、军工、稀土永磁、雄安新区、医疗器械概念、融资融券、近期新高、沪股通、半导体概念、先进封装、新能源、小盘股、新材料、历史新高 、光纤概念、先进封装材料、传感器,4.400,56.90,49.80,16.18,0.99,1.37亿,134.65,11.1508,475.42亿,475.42亿
79,002938,鹏鼎控股,114.14,7.27,A股,鹏鼎控股,71.76亿,电子-元件-印制电路板,电子-元件-印制电路板,周期股、两岸合作、深证100R、AIPC、贬值受益、光通信模块、新能源车、标准普尔、深圳特区、深成500、华为概念、通信技术、智能穿戴、消费电子概念、HS300_、AI手机结构件、CPO概念、无人驾驶、科技风格、富时罗素、富士康概念、MSCI中国、AI手机、融资融券、AI眼镜、深股通、虚拟现实、智能座舱、商业航天、半导体概念、大盘股、苹果概念、PCB、人形机器人、海峡两岸、无线耳机、汽车电子、MiniLED、通信PCB,7.740,117.00,104.00,2.77,0.95,6400.83万,142.91,8.1814,2645.24亿,2635.93亿
80,000960,锡业股份,44.42,-4.68,A股,锡业股份,70.92亿,有色金属-小金属-其他小金属,有色金属-小金属-其他小金属,金属铜、中盘价值、中盘股、稀缺资源、融资融券、西部大开发、昨日高振幅、深股通、化债概念、中证500、标准普尔、深成500、东方财富热股、金属锌、金属钨、2026一季报预增、央国企改革、金属铅、小金属概念、富时罗素、MSCI中国、金属铟,-2.180,47.86,44.13,9.49,1.20,1.56亿,21.06,3.5990,730.90亿,730.90亿
81,605358,立昂微,70.50,4.91,A股,立昂微,70.76亿,电子-半导体-半导体材料,电子-半导体-半导体材料,国产芯片、光芯片、专精特新、5G概念、IGBT概念、昨日高振幅、新能源车、第三代半导体、氮化镓、存储芯片、通信技术、中芯概念、CPO概念、人工智能、无人驾驶、物联网、电网概念、机器人概念、卫星互联网、融资融券、充电桩、中证500、商业航天、沪股通、硅能源、半导体概念、小盘股、光伏概念、人形机器人、卫星导航、比亚迪概念、智能电网、半导体硅片、汽车芯片、汽车电子,3.300,70.50,65.50,13.33,1.22,1.03亿,1883.84,5.2518,544.40亿,544.40亿
82,603993,洛阳钼业,18.07,-4.79,A股,洛阳钼业,70.08亿,有色金属-工业金属-铜,有色金属-工业金属-铜,镍矿、周期股、上证180_、贬值受益、金属钴、标准普尔、宁德时代概念、黄金开采、HS300_、盐湖提锂、磷化工、小金属概念、钴矿、富时罗素、2025年报预增、MSCI中国、黄金概念、金属铜、权重股、稀缺资源、融资融券、沪股通、大盘股、金属镍、铜矿、上证50_、金属钨,-0.910,18.48,17.93,2.22,0.79,3.87亿,12.45,4.6720,3865.95亿,3155.17亿
83,002851,麦格米特,171.98,0.98,A股,麦格米特,70.08亿,电力设备-其他电源设备Ⅱ-其他电源设备Ⅲ,电力设备-其他电源设备Ⅱ-其他电源设备Ⅲ,国产芯片、中盘股、HVDC供电、高压快充、新能源车、车联网、第三代半导体、标准普尔、深圳特区、深成500、柔性屏、新型工业化、先进制造风格、小米概念、长安汽车概念、趋势股、储能概念、智能家居、中国AI 50、超级电容、富时罗素、MSCI中国、机器人概念、融资融券、医疗器械概念、充电桩、深股通、中盘成长、2025年报预减、中证500、碳化硅、数据中心、英伟达概念、光伏概念、玻璃基板、一带一路、智能电网、高端装备、高铁、风能,1.670,174.50,166.11,8.98,1.06,4115.45万,218.10,11.1505,1000.56亿,788.10亿
84,603005,晶方科技,50.00,0.75,A股,晶方科技,69.04亿,电子-半导体-集成电路封测,电子-半导体-集成电路封测,国产芯片、5G概念、昨日高振幅、贬值受益、3D摄像头、新能源车、第三代半导体、氮化镓、华为概念、通信技术、东方财富热股、昨日高换手、趋势股、消费电子概念、高带宽内存、光刻机/胶、百日新高 、2025年报预增、融资融券、近期新高、虚拟现实、上证380、沪股通、半导体概念、先进封装、小盘股、玻璃基板、生物识别、增强现实、汽车芯片、小盘成长、传感器、长江三角、汽车电子,0.370,52.00,48.65,21.03,1.37,1.37亿,124.58,6.9971,326.09亿,326.09亿
85,688126,沪硅产业,33.31,2.27,A股,沪硅产业,68.75亿,电子-半导体-半导体材料,电子-半导体-半导体材料,国产芯片、融资融券、上证180_、国家大基金持股、贬值受益、沪股通、半导体概念、存储芯片、大盘股、趋势股、HS300_、中芯概念、科技风格、半导体硅片、MSCI中国,0.740,34.18,31.69,7.30,0.98,2.07亿,-56.97,6.5401,1100.90亿,946.70亿
86,601208,东材科技,77.58,4.06,A股,东材科技,68.70亿,基础化工-塑料-膜材料,基础化工-塑料-膜材料,国产芯片、中盘股、5G概念、西部大开发、昨日高振幅、新能源车、燃料电池概念、柔性屏、通信技术、电池技术、趋势股、消费电子概念、光刻机/胶、OLED、2025年报预增、MLCC、树脂、电网概念、军工、BC电池、6G概念、融资融券、中盘成长、沪股通、商业航天、半导体概念、特高压、苹果概念、PET铜箔、PCB、光伏概念、氢能源、股权激励,3.030,80.00,72.25,8.90,0.99,8989.05万,104.87,12.8732,783.70亿,783.70亿
87,688403,汇成股份,41.30,14.09,A股,汇成股份,68.40亿,电子-半导体-集成电路封测,电子-半导体-集成电路封测,国产芯片、专精特新、融资融券、昨日高振幅、近期新高、昨日首板、贬值受益、沪股通、半导体概念、存储芯片、先进封装、最近多板、小盘股、趋势股、历史新高 、百日新高 、OLED、汽车芯片、小盘成长、先进封装设备,5.100,43.30,39.00,16.68,1.82,1.65亿,-798.76,9.2649,409.26亿,409.26亿
88,600172,黄河旋风,18.27,6.84,A股,黄河旋风,68.12亿,机械设备-通用设备-磨具磨料,机械设备-通用设备-磨具磨料,题材股、培育钻石、融资融券、昨日高振幅、近期新高、第三代半导体、沪股通、旅游概念、标准普尔、节能环保、最近多板、东方财富热股、昨日高换手、新材料、历史新高 、超硬材料、央国企改革、百日新高 ,1.170,18.81,15.60,31.46,1.38,4.01亿,-68.24,56.8313,263.49亿,233.17亿
89,300757,罗博特科,647.00,7.39,A股,罗博特科,67.38亿,机械设备-自动化设备-其他自动化设备,机械设备-自动化设备-其他自动化设备,国产芯片、专精特新、中盘股、光通信模块、新能源车、工业互联、深成500、新型工业化、先进制造风格、TOPCON电池、华为概念、通信技术、边缘计算、CPO概念、富士康概念、MSCI中国、量子科技、BC电池、华为海思、融资融券、深股通、卫星通信、中盘成长、中证500、商业航天、半导体概念、苹果概念、数据中心、英伟达概念、光伏概念、HJT电池、光纤概念、创业板综、高端装备,44.500,673.65,596.48,6.45,1.16,1048.62万,-698.40,66.7072,1084.42亿,1051.81亿
90,688820,盛合晶微,210.50,-1.63,A股,盛合晶微,66.38亿,电子-半导体-集成电路封测,电子-半导体-集成电路制造,国产芯片、融资融券、注册制次新股、半导体概念、次新股、存储芯片、先进封装,-3.480,222.22,205.88,17.95,1.05,3103.49万,512.36,20.3792,3921.14亿,363.96亿
91,300390,天华新能,94.98,-3.90,A股,天华新能,65.24亿,电力设备-电池-电池化学品,电力设备-电池-电池化学品,国产芯片、中盘股、昨日高振幅、新能源车、深成500、存储芯片、宁德时代概念、先进制造风格、华为概念、电池技术、固态电池、储能概念、中芯概念、2026一季报预增、独角兽、小金属概念、富时罗素、MSCI中国、中盘价值、医疗器械概念、融资融券、深股通、2025年报预减、中证500、半导体概念、反内卷概念、硫化物、锂电池概念、创业板综、锂矿概念、富锂锰基,-3.850,100.98,94.58,10.01,1.01,6728.95万,20.36,6.3935,789.05亿,638.52亿
92,688048,长光华芯,441.80,5.19,A股,长光华芯,65.05亿,电子-半导体-分立器件,电子-半导体-分立器件,国产芯片、光芯片、激光雷达、专精特新、中盘股、融资融券、2025年报扭亏、医美概念、光通信模块、中盘成长、第三代半导体、商业航天、沪股通、半导体概念、华为概念、数据中心、通信技术、可控核聚变、光纤概念、CPO概念、无人驾驶、汽车芯片、MSCI中国,21.800,450.99,414.00,8.47,1.00,1492.41万,4346.36,25.8422,778.80亿,778.80亿
93,600909,华安证券,12.05,4.69,A股,华安证券,64.54亿,非银金融-证券Ⅱ-证券Ⅲ,非银金融-证券Ⅱ-证券Ⅲ,题材股、中盘股、融资融券、昨日高振幅、参股期货、近期新高、昨日首板、上证380、中证500、沪股通、券商概念、标准普尔、最近多板、东方财富热股、趋势股、互联网金融、央国企改革、百日新高 、富时罗素、金融地产风格、MSCI中国、安徽三资改革,0.540,12.65,11.27,10.96,1.46,5.51亿,34.93,2.2950,605.42亿,605.42亿
94,300620,光库科技,395.46,-2.60,A股,光库科技,64.54亿,通信-通信设备-通信网络设备及器件,通信-通信设备-通信网络设备及器件,国产芯片、粤港澳大湾区、中盘股、5G概念、海工装备、OCS交换机、光通信模块、3D打印、深成500、通信技术、趋势股、2025三季报预增、2026一季报预增、央国企改革、百日新高 、CPO概念、横琴新区、无人驾驶、量子通信、科技风格、2025年报预增、海底电缆、MSCI中国、量子科技、卫星互联网、激光雷达、融资融券、深股通、近期新高、中盘成长、中证500、商业航天、MPO连接器、数据中心、历史新高 、卫星导航、光纤概念、一带一路、创业板综、海洋经济、股权激励,-10.540,397.94,378.00,6.70,1.09,1656.22万,550.68,45.7298,985.41亿,977.19亿
95,688072,拓荆科技,823.00,0.37,A股,拓荆科技,64.04亿,电子-半导体-半导体设备,电子-半导体-半导体设备,国产芯片、专精特新、融资融券、昨日高振幅、近期新高、上证180_、国家大基金持股、沪股通、半导体概念、存储芯片、大盘股、先进封装、HS300_、大盘成长、中芯概念、历史新高 、高带宽内存、百日新高 、科技风格、先进封装设备、MSCI中国,3.000,861.08,799.99,2.73,0.82,771.67万,101.93,32.4140,2326.56亿,2326.56亿
96,600497,驰宏锌锗,12.31,1.74,A股,驰宏锌锗,62.09亿,有色金属-工业金属-铅锌,有色金属-工业金属-铅锌,军工、题材股、锌矿、中盘股、稀缺资源、融资融券、西部大开发、昨日高振幅、铅矿、上证380、中证500、沪股通、金属回收、最近多板、东方财富热股、金属锌、新材料、光纤概念、央国企改革、金属铅、小金属概念、MSCI中国、黄金概念,0.210,12.78,12.00,9.95,1.38,5.02亿,23.44,3.6850,620.47亿,620.47亿
97,688110,东芯股份,179.45,4.50,A股,东芯股份,60.99亿,电子-半导体-数字芯片设计,电子-半导体-数字芯片设计,国产芯片、安防概念、专精特新、中盘股、融资融券、5G概念、AIPC、近期新高、车联网、盛合晶微、沪股通、半导体概念、存储芯片、GPU、消费电子概念、智能穿戴、历史新高 、百日新高 、汽车芯片、MSCI中国、DRAM存储,7.720,186.88,170.73,7.68,1.16,3398.82万,143.52,22.0884,793.85亿,793.85亿
98,002916,深南电路,455.00,5.35,A股,深南电路,60.68亿,电子-元件-印制电路板,电子-元件-印制电路板,国产芯片、粤港澳大湾区、5G概念、周期股、深证100R、国家大基金持股、新能源车、存储芯片、标准普尔、深圳特区、深成500、华为概念、通信技术、HS300_、大盘成长、央国企改革、科技风格、富时罗素、富士康概念、2025年报预增、MSCI中国、融资融券、深股通、养老金、大盘股、苹果概念、先进封装、PCB、数据中心、中特估、服务器PCB、汽车电子、通信PCB,23.100,459.90,425.19,2.04,0.87,1357.73万,91.13,18.8343,3099.31亿,3024.88亿
99,601318,中国平安,49.30,0.37,A股,中国平安,59.96亿,非银金融-保险Ⅱ-保险Ⅲ,非银金融-保险Ⅱ-保险Ⅲ,区块链、周期股、上证180_、证金持股、互联网保险、标准普尔、深圳特区、红利破净股、HS300_、互联网金融、独角兽、央视50_、富时罗素、金融地产风格、MSCI中国、互联医疗、红利股、权重股、融资融券、家庭医生、沪股通、参股券商、大盘股、养老概念、IPO受益、上证50_、大盘价值、智能医疗、参股银行,0.180,50.46,48.56,1.14,0.88,1.21亿,8.92,0.9048,8927.07亿,5255.41亿
100,600392,盛和资源,32.20,1.90,A股,盛和资源,59.36亿,有色金属-小金属-稀土,有色金属-小金属-稀土,稀土永磁、中盘股、融资融券、西部大开发、昨日高振幅、中盘成长、上证380、中证500、参股保险、沪股通、标准普尔、苹果概念、冶炼分离、2025三季报预增、央国企改革、小金属概念、富时罗素、2025年报预增、MSCI中国,0.600,33.10,30.21,10.53,0.73,1.85亿,43.11,4.3858,564.41亿,564.41亿
