序号,代码,名称,最新价(元) 10:28,涨跌幅(%) 10:28,证券类型,成交额(元) 10:28,申万行业分类,股票简称,东财行业总分类,概念,涨跌额(元) 10:28,最高价(元) 10:28,最低价(元) 10:28,换手率(%) 10:28,量比 10:28,成交量(股) 10:28,市盈率(动)(倍) 2026.07.10,市净率(倍) 2026.07.10,总市值(元) 2026.07.10,流通市值(元) 2026.07.10
1,603986,兆易创新,682.98,2.94,A股,293.70亿,电子-半导体-数字芯片设计,兆易创新,电子-半导体-数字芯片设计,国产芯片、上证180_、贬值受益、2026中报预增、存储芯片、标准普尔、小米概念、最近多板、东方财富热股、智能穿戴、消费电子概念、HS300_、大盘成长、SRAM存储、人工智能、央视50_、科技风格、富时罗素、MCU芯片、物联网、MSCI中国、题材股、融资融券、AI眼镜、昨日首板、超清视频、沪股通、半导体概念、大盘股、光伏概念、长鑫存储、上证50_、人形机器人、锂电池概念、汽车芯片、传感器、无线耳机、DRAM存储、汽车电子,19.490,707.97,675.83,6.33,2.96,4231.64万,82.00,19.3370,4792.78亿,4565.67亿
2,300308,中际旭创,1177.77,-1.43,A股,218.36亿,通信-通信设备-通信网络设备及器件,中际旭创,通信-通信设备-通信网络设备及器件,国产芯片、数据中心液冷、5G概念、深证100R、贬值受益、光通信模块、深成500、节能环保、通信技术、东方财富热股、创投、HS300_、大盘成长、CPO概念、无人驾驶、中国AI 50、科技风格、富时罗素、2025年报预增、MSCI中国、激光雷达、权重股、融资融券、行业龙头、液冷概念、深股通、算力概念、F5G概念、大盘股、数据中心、创业板综、汽车电子,-17.130,1218.00,1166.50,1.65,2.31,1833.81万,57.31,37.9435,1.31万亿,1.31万亿
3,600584,长电科技,111.15,7.37,A股,162.62亿,电子-半导体-集成电路封测,长电科技,电子-半导体-集成电路封测,国产芯片、IGBT概念、昨日高振幅、上证180_、国家大基金持股、贬值受益、第三代半导体、存储芯片、标准普尔、最近多板、通信技术、东方财富热股、智能穿戴、消费电子概念、HS300_、中芯概念、高带宽内存、央国企改革、CPO概念、毫米波概念、人工智能、无人驾驶、科技风格、富时罗素、物联网、MSCI中国、机器人概念、题材股、华为海思、融资融券、昨日首板、沪股通、绿色电力、半导体概念、先进封装、大盘股、苹果概念、玻璃基板、新材料、生物识别、汽车芯片、先进封装设备、长江三角、汽车电子,7.630,113.87,107.77,8.17,2.89,1.46亿,171.30,6.9575,1988.93亿,1988.93亿
4,002384,东山精密,267.99,2.55,A股,157.03亿,电子-元件-印制电路板,东山精密,电子-元件-印制电路板,国产芯片、光芯片、LED概念、5G概念、周期股、深证100R、昨日高振幅、高压快充、贬值受益、光通信模块、新能源车、标准普尔、深成500、华为概念、小米概念、最近多板、通信技术、东方财富热股、创投、智能穿戴、消费电子概念、HS300_、2026一季报预增、CPO概念、OLED、科技风格、富时罗素、MSCI中国、AI手机、机器人概念、题材股、融资融券、深股通、昨日首板、大盘股、苹果概念、PCB、数据中心、人形机器人、光纤概念、服务器PCB、长江三角、MiniLED、特斯拉概念,6.670,274.50,262.50,4.20,2.36,5827.06万,110.56,21.6830,4908.52亿,3715.20亿
5,000725,京东方Ａ,8.05,-1.23,A股,145.82亿,电子-光学光电子-面板,京东方A,电子-光学光电子-面板,国产芯片、屏下摄像、LED概念、周期股、深证100R、AIPC、深成500、东方财富热股、智能穿戴、AI应用、OLED、富时罗素、物联网、机器人概念、题材股、AB股、民营医院、融资融券、行业龙头、显示技术、超清视频、苹果概念、先进封装、光伏概念、玻璃基板、智慧灯杆、光纤概念、裸眼3D、新零售、智能医疗、MiniLED、电子纸概念、昨日高振幅、新能源车、钙钛矿电池、工业互联、2026中报预增、标准普尔、柔性屏、华为概念、小米概念、长安汽车概念、消费电子概念、HS300_、巨量转移、MicroLED、央国企改革、荣耀概念、CPO概念、人工智能、混合现实、科技风格、MSCI中国、医疗器械概念、AI眼镜、深股通、虚拟电厂、充电桩、医美概念、虚拟现实、智能座舱、智慧城市、大盘股、UWB概念、电子竞技、传感器、光伏建筑一体化,-0.100,8.34,8.01,5.06,2.05,17.89亿,43.67,2.2249,2982.07亿,2847.05亿
6,000977,浪潮信息,93.11,8.28,A股,140.49亿,计算机-计算机设备-其他计算机设备,浪潮信息,计算机-计算机设备-其他计算机设备,国资云概念、深证100R、数字经济、抖音概念、深成500、东方财富热股、趋势股、大盘成长、腾讯概念、CDU、边缘计算、中国AI 50、无人驾驶、国产操作系统、富时罗素、题材股、融资融券、液冷概念、腾讯系算力、AIGC概念、网络安全、数据中心、英伟达概念、大数据、数据中心液冷、东数西算、元宇宙概念、车联网、水利建设、2026中报预增、标准普尔、最近多板、HS300_、信创、算力租赁、央国企改革、百度概念、百日新高 、DeepSeek概念、人工智能、科技风格、MSCI中国、云计算、深股通、算力概念、近期新高、智慧城市、大盘股、国产软件、历史新高 ,7.120,94.38,90.36,10.41,5.38,1.53亿,56.51,6.1469,1367.30亿,1365.77亿
7,300502,新易盛,558.58,2.40,A股,135.27亿,通信-通信设备-通信网络设备及器件,新易盛,通信-通信设备-通信网络设备及器件,国产芯片、权重股、5G概念、融资融券、深证100R、西部大开发、深股通、算力概念、贬值受益、光通信模块、深成500、大盘股、通信技术、数据中心、东方财富热股、HS300_、大盘成长、CPO概念、创业板综、中国AI 50、科技风格、富时罗素、2025年报预增、MSCI中国,13.080,570.98,548.00,1.93,2.08,2416.99万,70.08,40.1457,7793.62亿,7010.97亿
8,600487,亨通光电,82.33,2.84,A股,133.68亿,通信-通信设备-通信线缆及配套,亨通光电,通信-通信设备-通信线缆及配套,光纤光缆、国产芯片、5G概念、海工装备、昨日高振幅、光通信模块、新能源车、水利建设、标准普尔、华为概念、通信技术、东方财富热股、创投、大盘成长、CPO概念、毫米波概念、DeepSeek概念、量子通信、无人驾驶、科技风格、富时罗素、物联网、海底电缆、MSCI中国、机器人概念、电网概念、量子科技、军工、6G概念、融资融券、液冷概念、F5G概念、沪股通、特高压、智慧城市、大盘股、网络安全、数据中心、小米汽车、人形机器人、一带一路、光纤概念、智能电网、太赫兹、长江三角、风能、柔性直流输电、大数据,2.270,86.39,80.80,6.52,3.46,1.60亿,45.93,6.3982,2030.58亿,2020.09亿
9,688008,澜起科技,289.79,1.40,A股,116.02亿,电子-半导体-数字芯片设计,澜起科技,电子-半导体-数字芯片设计,国产芯片、AIPC、昨日高振幅、上证180_、贬值受益、CPU、存储芯片、AI芯片、东方财富热股、消费电子概念、HS300_、大盘成长、中芯概念、人工智能、科技风格、富时罗素、2025年报预增、MSCI中国、云计算、数据安全、题材股、融资融券、算力概念、沪股通、半导体概念、大盘股、数据中心、上证50_、DRAM存储,3.990,297.96,285.09,3.47,2.45,3966.99万,104.35,16.9675,3537.00亿,3317.41亿
10,688041,海光信息,386.72,6.40,A股,113.41亿,电子-半导体-数字芯片设计,海光信息,电子-半导体-数字芯片设计,国产芯片、专精特新、东数西算、上证180_、抖音概念、CPU、水利建设、GPU、AI芯片、趋势股、HS300_、大盘成长、腾讯概念、信创、百度概念、DeepSeek概念、人工智能、中国AI 50、科技风格、MSCI中国、阿里概念、量子科技、权重股、融资融券、算力概念、沪股通、半导体概念、大盘股、上证50_、阿里系算力,23.260,395.17,365.87,1.28,3.58,2976.07万,327.05,38.8289,8988.68亿,8988.68亿
11,000063,中兴通讯,42.75,6.00,A股,103.53亿,通信-通信设备-通信网络设备及器件,中兴通讯,通信-通信设备-通信网络设备及器件,国产芯片、屏下摄像、多模态AI、区块链、深证100R、乡村振兴、数字经济、抖音概念、深圳特区、深成500、AI智能体、AI芯片、交换机、东方财富热股、智能穿戴、腾讯概念、边缘计算、AI应用、国产操作系统、量子通信、中国AI 50、富时罗素、无线充电、物联网、机器人概念、低空经济、融资融券、液冷概念、超清视频、无人机、商业航天、ChatGPT概念、网络安全、数据中心、AI手机代工、卫星导航、光纤概念、星闪概念、汽车芯片、智能医疗、无线耳机、数据中心液冷、5G概念、东数西算、IPv6、昨日高振幅、通感一体化、证金持股、新能源车、元宇宙概念、DPU、车联网、水利建设、工业互联、标准普尔、通信技术、消费电子概念、HS300_、信创、百度概念、在线教育、DeepSeek概念、人工智能、科技风格、MSCI中国、AI手机、量子科技、卫星互联网、云计算、6G概念、AI眼镜、深股通、算力概念、虚拟现实、空管系统、智慧城市、大盘股、人形机器人、锂电池概念、比亚迪概念、海峡两岸、太赫兹、汽车电子,2.420,43.00,39.63,6.22,4.52,2.51亿,39.01,2.6666,2044.96亿,1721.81亿
12,002008,大族激光,138.25,5.61,A股,100.52亿,机械设备-自动化设备-激光设备,大族激光,机械设备-自动化设备-激光设备,国产芯片、火箭发射、钙钛矿设备、3D打印、深圳特区、深成500、存储芯片、新型工业化、宁德时代概念、东方财富热股、大盘成长、OLED、央视50_、富时罗素、物联网、机器人概念、MicroLED设备、融资融券、商业航天、半导体概念、苹果概念、先进封装、PCB、光伏概念、玻璃基板、光纤概念、先进封装材料、机器人执行器、MiniLED、工业母机、昨日高振幅、证金持股、新能源车、钙钛矿电池、第三代半导体、2026中报预增、标准普尔、先进制造风格、华为概念、TOPCON电池、小米概念、电池技术、消费电子概念、固态电池、巨量转移、MicroLED、光刻机/胶、混合现实、富士康概念、MSCI中国、AI眼镜、深股通、中证500、蓝箭航天、银河通用、大盘股、机器视觉、锂电池概念、HJT电池、比亚迪概念、3D打印设备、高端装备、先进封装设备、电池设备、减速器、TOPCon电池、特斯拉概念,7.350,139.90,127.00,7.83,6.33,7488.87万,100.51,6.9563,1423.43亿,1322.68亿
13,000021,深科技,61.85,9.98,A股,96.88亿,电子-消费电子-消费电子零部件及组装,深科技,电子-消费电子-消费电子零部件及组装,国产芯片、中盘股、区块链、昨日高振幅、数字经济、贬值受益、新能源车、光通信模块、第三代半导体、存储芯片、标准普尔、深圳特区、深成500、最近多板、东方财富热股、消费电子概念、储能概念、央国企改革、CPO概念、超级电容、科技风格、富时罗素、物联网、MSCI中国、电网概念、机器人概念、题材股、医疗器械概念、融资融券、深股通、虚拟电厂、昨日首板、无人机、中盘成长、中证500、半导体概念、先进封装、智能电网、先进封装材料、智能物流、汽车电子、DRAM存储,5.610,61.86,59.02,10.04,3.45,1.58亿,100.52,7.4823,973.75亿,973.62亿
14,300394,天孚通信,284.33,4.73,A股,96.63亿,通信-通信设备-通信网络设备及器件,天孚通信,通信-通信设备-通信网络设备及器件,专精特新、5G概念、深证100R、贬值受益、深成500、华为概念、通信技术、东方财富热股、HS300_、大盘成长、CPO概念、无人驾驶、科技风格、富时罗素、2025年报预增、MSCI中国、融资融券、深股通、算力概念、大盘股、MPO连接器、先进封装、数据中心、英伟达概念、光纤概念、创业板综,12.830,291.80,279.99,3.10,3.01,3370.42万,157.53,56.7346,3101.54亿,3094.61亿
15,000938,紫光股份,39.25,10.01,A股,95.98亿,计算机-IT服务Ⅱ-IT服务Ⅲ,紫光股份,计算机-IT服务Ⅱ-IT服务Ⅲ,国产芯片、国资云概念、区块链、深证100R、数字经济、OCS交换机、抖音概念、参股新三板、深成500、AI智能体、东方财富热股、昨日高换手、趋势股、AI应用、国产操作系统、中国AI 50、富时罗素、物联网、阿里概念、机器人概念、数据要素、题材股、智慧政务、融资融券、液冷概念、AIGC概念、网络安全、数据中心、英伟达概念、大数据、5G概念、东数西算、IPv6、昨日高振幅、车联网、数字乡村、标准普尔、通信技术、创投、HS300_、数据存储、算力租赁、百日新高 、CPO概念、DeepSeek概念、人工智能、科技风格、MSCI中国、云计算、数据安全、安防概念、6G概念、数字孪生、微通道水冷板、深股通、算力概念、近期新高、IaaS、智慧城市、大盘股、互联网服务、WiFi6、WiFi,3.570,39.25,36.20,8.81,2.92,2.52亿,35.62,7.3174,1122.58亿,1122.58亿
16,688256,寒武纪,1565.65,2.00,A股,95.14亿,电子-半导体-数字芯片设计,寒武纪,电子-半导体-数字芯片设计,国产芯片、东数西算、上证180_、AI芯片、HS300_、大盘成长、边缘计算、人工智能、国产操作系统、中国AI 50、科技风格、MSCI中国、阿里概念、权重股、融资融券、2025年报扭亏、算力概念、沪股通、ASIC芯片、半导体概念、先进封装、大盘股、数据中心、上证50_、阿里系算力、汽车芯片,30.640,1565.65,1512.00,0.99,2.07,619.30万,242.71,80.3742,9836.87亿,9836.87亿
17,600522,中天科技,47.94,1.70,A股,93.97亿,通信-通信设备-通信线缆及配套,中天科技,通信-通信设备-通信线缆及配套,国产芯片、海工装备、数字经济、上证180_、3D打印、铜缆高速连接、东方财富热股、空芯光纤、碳纤维、OLED、央视50_、富时罗素、物联网、阿里概念、机器人概念、数据要素、中越经济一体化、融资融券、低空经济、液冷概念、商业航天、绿色电力、半导体概念、特高压、PCB、数据中心、光伏概念、铁路基建、超导概念、光纤概念、智能电网、石墨烯、海洋经济、长江三角、碳中和、大数据、光纤光缆、数据中心液冷、5G概念、东数西算、昨日高振幅、证金持股、光通信模块、新能源车、钙钛矿电池、工业互联、标准普尔、航运概念、华为概念、通信技术、创投、电池技术、HS300_、固态电池、储能概念、核能核电、CPO概念、DeepSeek概念、超级电容、科技风格、海底电缆、MSCI中国、电网概念、量子科技、6G概念、充电桩、沪股通、参股券商、大盘股、PET铜箔、新能源、氢能源、系统集成、新材料、可控核聚变、一带一路、锂电池概念、中欧经济一体化、阿里系算力、风能、参股银行、汽车电子、柔性直流输电,0.800,49.78,47.17,5.68,3.14,1.94亿,44.51,4.4070,1636.17亿,1636.17亿
18,688981,中芯国际,173.66,0.38,A股,93.72亿,电子-半导体-集成电路制造,中芯国际,电子-半导体-集成电路制造,国产芯片、昨日高振幅、上证180_、国家大基金持股、存储芯片、东方财富热股、消费电子概念、HS300_、中芯概念、科创板做市股、百日新高 、中国AI 50、科技风格、OLED、物联网、MSCI中国、上海自贸、题材股、权重股、融资融券、行业龙头、近期新高、沪股通、半导体概念、大盘股、上证50_、历史新高 、茅指数、汽车电子,0.660,176.34,168.80,2.71,2.29,5412.02万,273.04,9.9240,1.49万亿,3472.44亿
19,600176,中国巨石,59.29,1.01,A股,90.11亿,建筑材料-玻璃玻纤-玻纤制造,中国巨石,建筑材料-玻璃玻纤-玻纤制造,周期股、昨日高振幅、上证180_、标准普尔、东方财富热股、HS300_、2026一季报预增、央国企改革、DeepSeek概念、中字头、富时罗素、PEEK材料概念、MSCI中国、题材股、融资融券、行业龙头、养老金、沪股通、电子布、大盘股、PCB、光伏概念、新材料、一带一路、中欧经济一体化、风能、长江三角,0.590,63.00,58.00,3.73,2.66,1.48亿,46.83,7.5268,2373.46亿,2354.75亿
20,603019,中科曙光,111.53,7.25,A股,89.88亿,计算机-计算机设备-其他计算机设备,中科曙光,计算机-计算机设备-其他计算机设备,国产芯片、区块链、数字经济、上证180_、抖音概念、冷却液、新型工业化、AI智能体、东方财富热股、大盘成长、腾讯概念、边缘计算、独角兽、国产操作系统、中国AI 50、量子通信、中字头、富时罗素、题材股、融资融券、液冷概念、网络安全、数据中心、Web3.0、智能电网、智能医疗、大数据、数据中心液冷、东数西算、昨日高振幅、工业互联、标准普尔、创投、HS300_、信创、VPN、算力租赁、百度概念、央国企改革、DeepSeek概念、人工智能、科技风格、MSCI中国、量子科技、云计算、数据安全、数字孪生、雄安新区、算力概念、沪股通、智慧城市、大盘股、上证50_、一带一路、中特估、智谱AI,7.540,112.00,102.70,5.70,3.64,8343.08万,179.05,7.4173,1631.81亿,1631.74亿
21,002281,光迅科技,249.25,4.51,A股,85.12亿,通信-通信设备-通信网络设备及器件,光迅科技,通信-通信设备-通信网络设备及器件,国产芯片、光芯片、5G概念、东数西算、昨日高振幅、OCS交换机、光通信模块、抖音概念、标准普尔、深成500、华为概念、最近多板、通信技术、东方财富热股、大盘成长、腾讯概念、央国企改革、百度概念、CPO概念、量子通信、科技风格、富时罗素、MSCI中国、阿里概念、量子科技、激光雷达、6G概念、融资融券、液冷概念、深股通、昨日首板、字节系算力、量子测量、中证500、F5G概念、大盘股、先进封装、华为系算力、数据中心、一带一路、光纤概念、6G元器件、湖北三资改革、湖北自贸,10.760,258.66,246.06,4.31,3.28,3365.88万,214.93,14.9199,2062.71亿,1945.39亿
22,002156,通富微电,75.89,5.15,A股,82.58亿,电子-半导体-集成电路封测,通富微电,电子-半导体-集成电路封测,国产芯片、AIPC、昨日高振幅、贬值受益、国家大基金持股、第三代半导体、存储芯片、标准普尔、深成500、华为概念、最近多板、通信技术、东方财富热股、智能穿戴、消费电子概念、创投、大盘成长、CPO概念、毫米波概念、科技风格、富时罗素、2025年报预增、物联网、MSCI中国、华为海思、移动支付、融资融券、深股通、昨日首板、智能座舱、半导体概念、先进封装、大盘股、碳化硅、玻璃基板、比亚迪概念、海峡两岸、汽车芯片、长江三角、传感器、汽车电子、特斯拉概念,3.720,77.67,73.79,7.18,3.58,1.09亿,87.50,7.4134,1151.70亿,1151.59亿
23,688012,中微公司,483.02,2.42,A股,80.84亿,电子-半导体-半导体设备,中微公司,电子-半导体-半导体设备,国产芯片、LED概念、区块链、上证180_、国家大基金持股、工业互联、存储芯片、东方财富热股、趋势股、HS300_、大盘成长、中芯概念、高带宽内存、科创板做市股、科技风格、富时罗素、MSCI中国、题材股、宁组合、融资融券、沪股通、半导体概念、大盘股、先进封装、上证50_、股权激励、先进封装设备、长江三角、MiniLED,11.430,492.05,468.10,1.78,2.28,1681.27万,123.64,16.8153,4601.66亿,4551.00亿
24,601138,工业富联,68.62,-1.31,A股,78.76亿,电子-消费电子-消费电子零部件及组装,工业富联,电子-消费电子-消费电子零部件及组装,国产芯片、数据中心液冷、区块链、5G概念、两岸合作、东数西算、昨日高振幅、上证180_、新能源车、车联网、工业互联、2026中报预增、标准普尔、深圳特区、新型工业化、东方财富热股、创投、HS300_、UQD连接器、算力租赁、CPO概念、独角兽、人工智能、科技风格、富时罗素、富士康概念、2025年报预增、物联网、MSCI中国、阿里概念、机器人概念、云计算、权重股、融资融券、医疗器械概念、行业龙头、液冷概念、算力概念、虚拟现实、沪股通、智慧城市、大盘股、苹果概念、数据中心、英伟达概念、海峡两岸、大数据,-0.910,71.00,68.01,0.57,3.28,1.13亿,32.13,7.7274,1.36万亿,1.36万亿
25,002371,北方华创,891.03,1.43,A股,71.97亿,电子-半导体-半导体设备,北方华创,电子-半导体-半导体设备,国产芯片、深证100R、昨日高振幅、长江存储、国家大基金持股、第三代半导体、氮化镓、存储芯片、标准普尔、深成500、华为概念、东方财富热股、电池技术、趋势股、HS300_、大盘成长、中芯概念、高带宽内存、光刻机/胶、央国企改革、中国AI 50、OLED、科技风格、富时罗素、MSCI中国、题材股、宁组合、权重股、华为海思、融资融券、深股通、半导体概念、大盘股、光伏概念、锂电池概念、茅指数,12.600,905.00,872.84,1.11,2.17,805.96万,98.89,16.6904,6466.11亿,6460.95亿
26,688525,佰维存储,418.69,-0.05,A股,70.60亿,电子-半导体-数字芯片设计,佰维存储,电子-半导体-数字芯片设计,国产芯片、专精特新、AIPC、上证180_、国家大基金持股、存储芯片、华为概念、小米概念、智能穿戴、消费电子概念、信创、科技风格、2025年报预增、MSCI中国、阿里概念、AI手机、机器人概念、融资融券、AI眼镜、沪股通、半导体概念、先进封装、大盘股、数据中心、人形机器人、比亚迪概念、股权激励、汽车芯片、DRAM存储,-0.190,430.00,413.05,3.53,1.90,1666.33万,17.03,23.4006,1974.40亿,1974.40亿
27,300604,长川科技,394.92,5.59,A股,70.37亿,电子-半导体-半导体设备,长川科技,电子-半导体-半导体设备,国产芯片、专精特新、两岸合作、昨日高振幅、国家大基金持股、2026中报预增、存储芯片、深成500、东方财富热股、趋势股、大盘成长、2025三季报预增、百日新高 、科技风格、2025年报预增、MSCI中国、题材股、融资融券、深股通、近期新高、中证500、半导体概念、大盘股、历史新高 、海峡两岸、创业板综,20.920,395.00,373.50,3.74,2.45,1830.93万,177.67,49.8129,2505.45亿,1933.02亿
28,600667,太极实业,27.10,3.16,A股,70.25亿,建筑装饰-工程咨询服务Ⅱ-工程咨询服务Ⅲ,太极实业,建筑装饰-工程咨询服务Ⅱ-工程咨询服务Ⅲ,国产芯片、昨日高振幅、存储芯片、标准普尔、工程建设、最近多板、东方财富热股、昨日高换手、央国企改革、OLED、富时罗素、题材股、融资融券、昨日首板、上证380、沪股通、绿色电力、半导体概念、先进封装、数据中心、光伏概念、小盘股、小盘成长、长江三角、光伏建筑一体化,0.830,27.95,26.50,12.27,2.91,2.57亿,109.74,6.5855,566.81亿,566.81亿
29,000988,华工科技,165.53,4.11,A股,69.64亿,机械设备-自动化设备-激光设备,华工科技,机械设备-自动化设备-激光设备,国产芯片、全息技术、深证100R、乡村振兴、高压快充、3D打印、深成500、存储芯片、铜缆高速连接、宁德时代概念、新型工业化、AI智能体、东方财富热股、大盘成长、腾讯概念、农机、2026一季报预增、独角兽、量子通信、富时罗素、物联网、基因测序、阿里概念、机器人概念、数据要素、航空发动机、融资融券、华为汽车、F5G概念、商业航天、半导体概念、苹果概念、先进封装、PCB、华为系算力、玻璃基板、卫星导航、汽车热管理、湖北三资改革、湖北自贸、MiniLED、光芯片、专精特新、5G概念、工业母机、东数西算、昨日高振幅、光通信模块、新能源车、钙钛矿电池、第三代半导体、工业互联、标准普尔、柔性屏、先进制造风格、华为概念、通信技术、长安汽车概念、创投、HS300_、MicroLED、央国企改革、智能家居、百度概念、CPO概念、DeepSeek概念、MSCI中国、量子科技、大飞机、数字孪生、6G概念、移动支付、充电桩、深股通、智能座舱、智慧城市、大盘股、蓝宝石、IPO受益、氢能源、新材料、比亚迪概念、锂电池概念、6G元器件、高端装备、传感器、汽车电子、3D玻璃、特斯拉概念,6.530,168.98,162.88,4.17,3.28,4185.82万,65.17,14.5509,1664.41亿,1663.55亿
30,001309,德明利,848.89,-1.35,A股,65.36亿,电子-半导体-数字芯片设计,德明利,电子-半导体-数字芯片设计,国产芯片、光芯片、专精特新、5G概念、AIPC、昨日高振幅、2026一季报扭亏、长江存储、贬值受益、存储芯片、深成500、通信技术、东方财富热股、智能穿戴、大盘成长、信创、中芯概念、CPO概念、人工智能、科技风格、2025年报预增、MSCI中国、题材股、融资融券、深股通、中证500、半导体概念、大盘股、数据中心、汽车电子,-11.590,878.99,842.00,4.59,1.79,757.63万,14.39,29.0739,1925.67亿,1401.25亿
31,688347,华虹宏力,394.06,-1.61,A股,64.37亿,电子-半导体-集成电路制造,华虹宏力,电子-半导体-集成电路制造,题材股、国产芯片、融资融券、昨日高振幅、近期新高、国家大基金持股、上证380、中证500、沪股通、半导体概念、存储芯片、大盘股、趋势股、消费电子概念、大盘成长、历史新高 、央国企改革、百日新高 、科技风格、MSCI中国、沪企改革,-6.440,407.98,375.00,4.05,2.59,1651.09万,1226.63,15.1336,6847.68亿,1606.78亿
32,301308,江波龙,622.60,0.42,A股,63.57亿,电子-半导体-数字芯片设计,江波龙,电子-半导体-数字芯片设计,国产芯片、专精特新、深证100R、AIPC、贬值受益、国家大基金持股、长江存储、2026中报预增、存储芯片、深成500、华为概念、小米概念、东方财富热股、智能穿戴、消费电子概念、HS300_、AI手机结构件、信创、科技风格、2025年报预增、MSCI中国、AI手机、机器人概念、华为鲲鹏、数据安全、融资融券、AI眼镜、深股通、智能座舱、半导体概念、大盘股、先进封装、数据中心、长鑫存储、小米汽车、创业板综、DRAM存储、EDR概念,2.600,645.09,620.00,3.57,1.93,1004.91万,17.05,22.1230,2633.98亿,1754.81亿
33,300750,宁德时代,361.90,-3.62,A股,59.16亿,电力设备-电池-锂电池,宁德时代,电力设备-电池-锂电池,钠离子电池、周期股、深证100R、新能源车、深成500、宁德时代概念、先进制造风格、华为概念、长安汽车概念、电池技术、HS300_、固态电池、储能概念、蚂蚁概念、富时罗素、MSCI中国、动力电池回收、宁组合、权重股、融资融券、行业龙头、华为汽车、深股通、大盘股、麒麟电池、小米汽车、换电概念、锂电池概念、茅指数、创业板综、锂矿概念、特斯拉概念,-13.600,375.20,361.50,0.38,2.47,1621.29万,20.19,5.1233,1.67万亿,1.54万亿
34,300476,胜宏科技,299.37,0.90,A股,58.94亿,电子-元件-印制电路板,胜宏科技,电子-元件-印制电路板,国产芯片、5G概念、周期股、东数西算、深证100R、乡村振兴、AIPC、贬值受益、新能源车、深成500、小米概念、通信技术、HS300_、大盘成长、CPO概念、摩尔链、OLED、科技风格、富时罗素、富士康概念、2025年报预增、物联网、MSCI中国、机器人概念、AI手机、权重股、融资融券、行业龙头、深股通、虚拟现实、大盘股、PCB、数据中心、英伟达概念、光伏概念、人形机器人、海峡两岸、智能电网、创业板综、汽车电子、特斯拉概念,2.670,305.45,294.58,2.27,2.53,1967.81万,57.09,18.7837,2942.26亿,2590.22亿
35,300408,三环集团,135.97,1.61,A股,57.33亿,电子-元件-被动元件,三环集团,电子-元件-被动元件,5G概念、周期股、深证100R、证金持股、燃料电池概念、光通信模块、深成500、华为概念、小米概念、通信技术、智能穿戴、电池技术、消费电子概念、HS300_、大盘成长、CPO概念、科技风格、富时罗素、MLCC、MSCI中国、融资融券、深股通、大盘股、被动元件概念、数据中心、新材料、光纤概念、创业板综、SOFC,2.160,144.49,134.18,2.20,2.31,4118.66万,85.48,12.5567,2704.29亿,2543.68亿
36,300475,香农芯创,276.65,3.24,A股,56.22亿,电子-其他电子Ⅱ-其他电子Ⅲ,香农芯创,电子-其他电子Ⅱ-其他电子Ⅲ,国产芯片、中盘股、融资融券、东数西算、行业龙头、深股通、贬值受益、抖音概念、中盘成长、中证500、半导体概念、存储芯片、深成500、芯片分销、数据中心、腾讯概念、高带宽内存、2026一季报预增、创业板综、科技风格、2025年报预增、MSCI中国、阿里概念,8.670,283.10,263.02,4.55,2.33,2047.35万,24.47,26.5417,1299.27亿,1245.29亿
37,600183,生益科技,158.20,0.51,A股,55.66亿,电子-元件-印制电路板,生益科技,电子-元件-印制电路板,国产芯片、5G概念、周期股、昨日高振幅、上证180_、新能源车、光通信模块、存储芯片、标准普尔、华为概念、通信技术、东方财富热股、HS300_、大盘成长、2025三季报预增、毫米波概念、CPO概念、科技风格、富时罗素、2025年报预增、MSCI中国、融资融券、沪股通、商业航天、大盘股、先进封装、PCB、上证50_、先进封装材料、汽车电子、MiniLED,0.800,163.48,156.44,1.45,2.38,3468.76万,82.95,24.0413,3842.87亿,3788.10亿
38,600206,有研新材,63.15,6.35,A股,55.05亿,电子-半导体-半导体材料,有研新材,电子-半导体-半导体材料,国产芯片、5G概念、昨日高振幅、磁材加工、长江存储、国家大基金持股、3D打印、存储芯片、标准普尔、华为概念、最近多板、通信技术、东方财富热股、尾气治理、昨日高换手、趋势股、2025三季报预增、中芯概念、京津冀一体化、央国企改革、OLED、小金属概念、富时罗素、牙科医疗、2025年报预增、题材股、军工、稀土永磁、雄安新区、医疗器械概念、融资融券、沪股通、半导体概念、先进封装、新能源、小盘股、新材料、光纤概念、先进封装材料、传感器,3.770,64.13,60.80,10.38,3.01,8784.79万,151.41,12.5387,534.60亿,534.60亿
39,301526,国际复材,40.12,3.27,A股,51.32亿,建筑材料-玻璃玻纤-玻纤制造,国际复材,建筑材料-玻璃玻纤-玻纤制造,中盘股、5G概念、西部大开发、数字经济、工业互联、深成500、华为概念、通信技术、消费电子概念、央国企改革、PEEK材料概念、融资融券、2025年报扭亏、深股通、中盘成长、中证500、华为手机、绿色电力、电子布、特高压、PCB、光伏概念、一带一路、创业板综、风能、汽车电子,1.270,43.00,39.30,8.89,2.59,1.25亿,139.98,17.8820,1512.88亿,563.44亿
40,002409,雅克科技,222.74,6.57,A股,51.07亿,电子-半导体-半导体材料,雅克科技,电子-半导体-半导体材料,国产芯片、专精特新、中盘股、海工装备、昨日高振幅、国家大基金持股、存储芯片、标准普尔、深成500、最近多板、东方财富热股、趋势股、中芯概念、高带宽内存、光刻机/胶、磷化工、OLED、科技风格、富时罗素、电子特气、天然气、MSCI中国、题材股、融资融券、深股通、昨日首板、中盘成长、中证500、半导体概念、特高压、先进封装、氟化工概念、工业气体,13.740,229.00,218.50,7.15,2.52,2277.13万,99.37,13.3282,1060.08亿,709.48亿
41,002463,沪电股份,137.91,0.44,A股,49.87亿,电子-元件-印制电路板,沪电股份,电子-元件-印制电路板,国产芯片、5G概念、周期股、深证100R、昨日高振幅、贬值受益、新能源车、标准普尔、深成500、华为概念、通信技术、污水处理、HS300_、大盘成长、2026一季报预增、毫米波概念、无人驾驶、科技风格、富时罗素、MSCI中国、融资融券、深股通、台资控股、大盘股、PCB、数据中心、海峡两岸、服务器PCB、汽车电子、通信PCB,0.610,141.89,136.07,1.86,2.12,3578.11万,53.42,16.7674,2653.89亿,2651.75亿
42,600460,士兰微,47.77,-1.30,A股,49.41亿,电子-半导体-分立器件,士兰微,电子-半导体-分立器件,国产芯片、LED概念、中盘股、共同富裕示范区、IGBT概念、昨日高振幅、国家大基金持股、新能源车、第三代半导体、氮化镓、标准普尔、小米概念、华为概念、东方财富热股、智能穿戴、消费电子概念、HS300_、OLED、科技风格、富时罗素、MCU芯片、2025年报预增、MSCI中国、题材股、融资融券、中盘成长、上证380、沪股通、半导体概念、碳化硅、先进封装、光伏概念、比亚迪概念、汽车芯片、长江三角、传感器、风能、汽车电子、MiniLED,-0.630,49.96,46.86,6.10,3.35,1.02亿,95.12,6.5147,794.59亿,794.59亿
43,002851,麦格米特,170.96,7.12,A股,49.14亿,电力设备-其他电源设备Ⅱ-其他电源设备Ⅲ,麦格米特,电力设备-其他电源设备Ⅱ-其他电源设备Ⅲ,国产芯片、中盘股、昨日高振幅、HVDC供电、高压快充、新能源车、车联网、第三代半导体、标准普尔、深圳特区、深成500、柔性屏、新型工业化、先进制造风格、小米概念、最近多板、长安汽车概念、东方财富热股、储能概念、智能家居、中国AI 50、超级电容、富时罗素、MSCI中国、机器人概念、融资融券、医疗器械概念、充电桩、深股通、昨日首板、中盘成长、2025年报预减、中证500、碳化硅、数据中心、英伟达概念、光伏概念、玻璃基板、一带一路、智能电网、高端装备、高铁、风能,11.370,173.86,167.16,6.29,3.81,2884.25万,216.81,11.0843,994.62亿,783.43亿
44,601869,长飞光纤,444.96,0.84,A股,48.92亿,通信-通信设备-通信线缆及配套,长飞光纤,通信-通信设备-通信线缆及配套,国产芯片、光纤光缆、专精特新、5G概念、海工装备、东数西算、昨日高振幅、光通信模块、抖音概念、新能源车、工业互联、第三代半导体、标准普尔、铜缆高速连接、通信技术、东方财富热股、创投、空芯光纤、CPO概念、量子通信、科技风格、富时罗素、MSCI中国、量子科技、机器人概念、融资融券、超清视频、上证380、中证500、沪股通、特高压、大盘股、碳化硅、数据中心、人形机器人、光纤概念、一带一路、智能电网、太赫兹、风能,3.700,466.98,440.51,2.66,3.37,1079.30万,186.00,25.8843,3683.85亿,1808.04亿
45,300418,昆仑万维,52.26,3.65,A股,48.73亿,传媒-游戏Ⅱ-游戏Ⅲ,昆仑万维,传媒-数字媒体-门户网站,国产芯片、中盘股、区块链、多模态AI、深证100R、贬值受益、抖音概念、短剧互动游戏、网络游戏、深成500、AI智能体、AI芯片、AI应用、独角兽、无人驾驶、AI制图、富时罗素、阿里概念、Sora概念、题材股、融资融券、行业龙头、AIGC概念、ChatGPT概念、Web3.0、股权激励、文娱消费、东数西算、元宇宙概念、华为概念、创投、HS300_、AI游戏、京津冀一体化、算力租赁、DeepSeek概念、在线教育、人工智能、手机游戏、AI语料、网红经济、MSCI中国、医疗器械概念、深股通、算力概念、虚拟现实、互联网服务、虚拟数字人、创业板综,1.840,53.53,47.80,8.25,3.07,9690.78万,-18.94,5.2447,672.07亿,614.69亿
46,603083,剑桥科技,210.44,4.18,A股,48.51亿,通信-通信设备-通信终端及配件,剑桥科技,通信-通信设备-通信终端及配件,中盘股、5G概念、昨日高振幅、贬值受益、光通信模块、工业互联、新型工业化、华为概念、通信技术、信创、智能家居、边缘计算、CPO概念、科技风格、2025年报预增、物联网、MSCI中国、融资融券、液冷概念、中盘成长、上证380、F5G概念、沪股通、一带一路、股权激励、WiFi6、WiFi,8.440,222.20,207.00,8.10,4.04,2232.42万,163.73,10.3826,774.95亿,579.95亿
47,002407,多氟多,43.45,-0.46,A股,48.22亿,基础化工-化学制品-氟化工,多氟多,基础化工-化学制品-氟化工,钠离子电池、国产芯片、六氟磷酸锂、中盘股、昨日高振幅、化工原料、新能源车、第三代半导体、工业互联、标准普尔、深成500、存储芯片、东方财富热股、创投、昨日高换手、电池技术、固态电池、储能概念、核能核电、中芯概念、PVDF概念、独角兽、富时罗素、动力电池回收、题材股、中盘价值、数字孪生、融资融券、2025年报扭亏、深股通、中证500、硅能源、半导体概念、氟化工概念、新材料、锂电池概念、比亚迪概念、氢氟酸、股权激励、特斯拉概念,-0.200,45.69,42.99,10.06,2.17,1.08亿,34.43,6.0573,517.24亿,468.72亿
48,300054,鼎龙股份,91.99,-4.17,A股,47.15亿,电子-电子化学品Ⅱ-电子化学品Ⅲ,鼎龙股份,电子-电子化学品Ⅱ-电子化学品Ⅲ,国产芯片、中盘股、转债标的、第三代半导体、2026中报预增、存储芯片、深成500、柔性屏、东方财富热股、趋势股、中芯概念、2026一季报预增、光刻机/胶、OLED、科技风格、富时罗素、MSCI中国、融资融券、行业龙头、显示技术、深股通、中盘成长、中证500、半导体概念、先进封装、玻璃基板、锂电池概念、先进封装材料、创业板综,-4.000,98.00,89.41,6.74,4.34,5009.22万,87.36,16.3402,876.90亿,683.64亿
49,300058,蓝色光标,14.41,11.45,A股,47.10亿,传媒-广告营销-营销代理,蓝色光标,传媒-广告营销-营销代理,中盘股、区块链、职业教育、元宇宙概念、抖音概念、短剧互动游戏、深成500、AI营销、AI智能体、华为概念、小红书概念、跨境电商、创投、腾讯概念、AI应用、百度概念、在线教育、DeepSeek概念、人工智能、富时罗素、网红经济、MSCI中国、阿里概念、机器人概念、融资融券、2025年报扭亏、智谱AI概念、深股通、虚拟现实、AIGC概念、中盘成长、中证500、ChatGPT概念、快手概念、Web3.0、虚拟数字人、NFT概念、创业板综、文娱消费、智谱AI、大数据,1.480,14.78,12.59,9.80,5.32,3.41亿,102.63,6.5293,517.71亿,501.52亿
50,300223,北京君正,235.73,-0.12,A股,46.63亿,电子-半导体-数字芯片设计,北京君正,电子-半导体-数字芯片设计,国产芯片、中盘股、区块链、鸿蒙概念、贬值受益、抖音概念、CPU、3D打印、存储芯片、深成500、小米概念、智能穿戴、消费电子概念、SRAM存储、京津冀一体化、智能家居、毫米波概念、人工智能、无人驾驶、OLED、科技风格、富时罗素、MCU芯片、物联网、MSCI中国、人脸识别、机器人概念、安防概念、融资融券、AI眼镜、深股通、超清视频、智能座舱、中证500、半导体概念、智能音箱、机器视觉、3D打印设备、创业板综、汽车芯片、传感器、DRAM存储、汽车电子、MiniLED,-0.290,244.92,230.17,4.63,1.65,1952.89万,89.46,9.0033,1141.40亿,995.16亿
51,300285,国瓷材料,79.99,-1.00,A股,46.07亿,电子-电子化学品Ⅱ-电子化学品Ⅲ,国瓷材料,电子-电子化学品Ⅱ-电子化学品Ⅲ,国产芯片、中盘股、5G概念、新能源车、3D打印、深成500、节能环保、宁德时代概念、电池技术、消费电子概念、固态电池、CPO概念、科技风格、富时罗素、牙科医疗、MLCC、融资融券、深股通、中盘成长、中证500、商业航天、蓝宝石、被动元件概念、氢能源、新材料、卫星导航、比亚迪概念、锂电池概念、创业板综,-0.810,84.82,78.50,6.59,2.35,5625.37万,140.15,11.2156,797.54亿,682.85亿
52,002428,云南锗业,105.00,1.96,A股,45.50亿,有色金属-小金属-其他小金属,云南锗业,有色金属-小金属-其他小金属,国产芯片、中盘股、西部大开发、昨日高振幅、光通信模块、第三代半导体、深成500、华为概念、通信技术、小金属概念、富时罗素、题材股、军工、稀缺资源、融资融券、深股通、中盘成长、2025年报预减、商业航天、金属回收、半导体概念、光伏概念、氟化工概念、卫星导航、光纤概念,2.020,106.60,100.80,6.70,2.67,4374.16万,1882.53,46.8854,685.78亿,685.69亿
53,688521,芯原股份,318.45,-3.08,A股,45.28亿,电子-半导体-数字芯片设计,芯原股份,电子-半导体-数字芯片设计,国产芯片、东数西算、上证180_、国家大基金持股、GPU、AI芯片、HS300_、大盘成长、腾讯概念、人工智能、无人驾驶、科技风格、MCU芯片、物联网、MSCI中国、阿里概念、AI手机、上海自贸、融资融券、AI眼镜、数字货币、虚拟现实、沪股通、ASIC芯片、半导体概念、先进封装、大盘股、智能音箱、汽车芯片,-10.110,326.89,312.50,2.69,2.50,1415.68万,-122.84,53.2182,1674.78亿,1674.78亿
54,688126,沪硅产业,39.07,4.89,A股,45.20亿,电子-半导体-半导体材料,沪硅产业,电子-半导体-半导体材料,国产芯片、融资融券、昨日高振幅、上证180_、贬值受益、国家大基金持股、沪股通、半导体概念、存储芯片、大盘股、东方财富热股、趋势股、HS300_、中芯概念、科技风格、半导体硅片、MSCI中国,1.820,40.35,37.80,4.05,2.39,1.15亿,-66.82,7.6710,1291.27亿,1110.41亿
55,300274,阳光电源,120.50,-2.83,A股,43.38亿,电力设备-光伏设备-逆变器,阳光电源,电力设备-光伏设备-逆变器,周期股、深证100R、数字经济、新能源车、深成500、宁德时代概念、先进制造风格、HS300_、大盘成长、储能概念、富时罗素、MSCI中国、阿里概念、宁组合、权重股、融资融券、行业龙头、充电桩、深股通、虚拟电厂、储能变流器、大盘股、数据中心、光伏概念、氢能源、系统集成、茅指数、创业板综、光伏逆变器、风能,-3.510,123.80,118.52,2.27,2.79,3600.52万,27.26,5.2892,2498.63亿,1913.29亿
56,300666,江丰电子,369.96,1.50,A股,43.36亿,电子-半导体-半导体材料,江丰电子,电子-半导体-半导体材料,国产芯片、中盘股、共同富裕示范区、第三代半导体、存储芯片、深成500、华为概念、东方财富热股、趋势股、中芯概念、光刻机/胶、碳纤维、OLED、科技风格、富时罗素、融资融券、深股通、中盘成长、中证500、半导体概念、光伏概念、新材料、海峡两岸、创业板综、中韩自贸区,5.480,385.00,359.00,5.26,2.49,1162.16万,121.67,14.6109,1020.79亿,817.89亿
57,688820,盛合晶微,211.88,0.45,A股,42.66亿,电子-半导体-集成电路封测,盛合晶微,电子-半导体-集成电路制造,昨日高换手、国产芯片、融资融券、昨日高振幅、注册制次新股、半导体概念、次新股、存储芯片、先进封装,0.940,219.00,207.00,11.52,3.00,1992.60万,515.72,20.5128,3946.85亿,366.35亿
58,300346,南大光电,80.46,0.35,A股,41.46亿,电子-电子化学品Ⅱ-电子化学品Ⅲ,南大光电,电子-电子化学品Ⅱ-电子化学品Ⅲ,国产芯片、LED概念、专精特新、中盘股、国家大基金持股、氮化镓、深成500、存储芯片、华为概念、东方财富热股、中芯概念、光刻机/胶、磷化工、OLED、富时罗素、电子特气、MSCI中国、题材股、融资融券、深股通、中盘成长、中证500、半导体概念、氟化工概念、第四代半导体、光伏概念、新材料、工业气体、创业板综、股权激励、长江三角,0.280,84.20,79.00,7.71,2.73,5059.61万,111.98,16.3305,556.31亿,528.01亿
59,002475,立讯精密,64.57,0.17,A股,41.21亿,电子-消费电子-消费电子零部件及组装,立讯精密,电子-消费电子-消费电子零部件及组装,国产芯片、周期股、DAC无源铜缆、深证100R、贬值受益、3D摄像头、深圳特区、深成500、铜缆高速连接、智能穿戴、CDU、无人驾驶、富时罗素、无线充电、机器人概念、融资融券、液冷概念、商业航天、苹果概念、智能音箱、数据中心、无线耳机、5G概念、昨日高振幅、电子烟、证金持股、转债标的、光通信模块、新能源车、标准普尔、华为概念、通信技术、消费电子概念、HS300_、智能家居、CPO概念、毫米波概念、混合现实、科技风格、HUD抬头显示、MSCI中国、权重股、AI眼镜、深股通、充电桩、虚拟现实、智能座舱、华为手机、大盘股、机器视觉、人形机器人、茅指数、海峡两岸、汽车电子,0.110,65.66,63.80,0.87,1.64,6371.80万,34.08,5.6457,4988.21亿,4729.80亿
60,688048,长光华芯,495.00,4.78,A股,41.10亿,电子-半导体-分立器件,长光华芯,电子-半导体-分立器件,国产芯片、光芯片、激光雷达、专精特新、中盘股、融资融券、2025年报扭亏、昨日高振幅、医美概念、光通信模块、中盘成长、第三代半导体、商业航天、沪股通、半导体概念、华为概念、数据中心、通信技术、可控核聚变、光纤概念、CPO概念、无人驾驶、汽车芯片、MSCI中国,22.560,506.70,472.00,4.75,2.65,838.08万,4869.74,28.9541,872.59亿,872.59亿
61,600105,永鼎股份,51.66,1.97,A股,41.09亿,通信-通信设备-通信线缆及配套,永鼎股份,通信-通信设备-通信线缆及配套,国产芯片、光纤光缆、光芯片、专精特新、中盘股、5G概念、海工装备、东数西算、昨日高振幅、光通信模块、新能源车、工业互联、3D打印、2026中报预增、磁悬浮概念、标准普尔、华为概念、通信技术、东方财富热股、核能核电、CPO概念、科技风格、富时罗素、超导材料、2025年报预增、MSCI中国、数据安全、军工、融资融券、低空经济、华为汽车、中盘成长、中证500、沪股通、商业航天、网络安全、数据中心、超导概念、可控核聚变、一带一路、光纤概念、比亚迪概念、3D打印设备、长江三角、风能、参股银行、大数据,1.000,53.33,50.75,5.38,2.55,7865.66万,118.88,22.9127,755.27亿,755.27亿
62,688498,源杰科技,1761.60,0.89,A股,40.57亿,电子-半导体-分立器件,源杰科技,电子-半导体-分立器件,国产芯片、光芯片、融资融券、5G概念、西部大开发、2025年报扭亏、光通信模块、上证380、中证500、沪股通、半导体概念、大盘股、华为概念、通信技术、数据中心、大盘成长、光纤概念、CPO概念、科技风格、汽车芯片、MSCI中国,15.590,1829.00,1731.04,1.85,2.06,226.79万,305.56,88.9823,2193.20亿,2164.87亿
63,688120,华海清科,365.68,6.30,A股,39.70亿,电子-半导体-半导体设备,华海清科,电子-半导体-半导体设备,国产芯片、专精特新、融资融券、昨日高振幅、长江存储、上证380、中证500、第三代半导体、沪股通、半导体概念、存储芯片、大盘股、先进封装、东方财富热股、趋势股、大盘成长、长鑫存储、中芯概念、高带宽内存、MicroLED、央国企改革、科技风格、MSCI中国,21.680,374.85,340.01,2.24,2.38,1106.11万,182.87,23.8660,1808.98亿,1808.98亿
64,301583,N托伦斯,241.24,967.43,A股,38.45亿,电子-半导体-半导体设备,托伦斯,电子-半导体-半导体设备,国产芯片、融资融券、创业板综、半导体概念,218.640,264.42,203.40,52.47,0.00,1617.77万,763.99,24.1778,447.44亿,74.38亿
65,300821,东岳硅材,27.98,-7.75,A股,37.91亿,基础化工-化学制品-有机硅,东岳硅材,基础化工-化学制品-有机硅,题材股、融资融券、昨日高振幅、深股通、近期新高、燃料电池概念、硅橡胶、2026中报预增、硅能源、东方财富热股、小盘股、氢能源、电池技术、趋势股、新材料、2026一季报预增、百日新高 、有机硅概念、创业板综、富时罗素、有机硅单体,-2.350,30.49,27.70,10.91,3.15,1.31亿,43.26,6.5808,335.76亿,335.70亿
66,000100,TCL科技,5.35,-0.19,A股,36.96亿,电子-光学光电子-面板,TCL科技,电子-光学光电子-面板,屏下摄像、国产芯片、周期股、电子纸概念、深证100R、昨日高振幅、AIPC、证金持股、工业互联、标准普尔、深成500、柔性屏、AI芯片、华为概念、小米概念、东方财富热股、消费电子概念、HS300_、MicroLED、超级品牌、OLED、科技风格、富时罗素、2025年报预增、MSCI中国、融资融券、AI眼镜、显示技术、深股通、虚拟现实、绿色电力、硅能源、半导体概念、大盘股、PCB、光伏概念、比亚迪概念、参股银行、MiniLED,-0.010,5.49,5.30,3.40,1.96,6.84亿,17.87,1.8299,1112.85亿,1076.33亿
67,000636,风华高科,63.48,-1.51,A股,36.96亿,电子-元件-被动元件,风华高科,电子-元件-被动元件,中盘股、5G概念、东数西算、昨日高振幅、高压快充、深成500、华为概念、通信技术、东方财富热股、电池技术、智能穿戴、创投、央国企改革、CPO概念、超级电容、科技风格、小金属概念、MLCC、机器人概念、融资融券、低空经济、AI眼镜、液冷概念、深股通、虚拟机器人、无人机、中盘成长、商业航天、被动元件概念、光伏概念、卫星导航、锂电池概念、比亚迪概念、传感器、汽车电子,-0.970,66.28,62.50,4.95,2.76,5731.79万,207.34,5.9384,734.47亿,734.47亿
68,603893,瑞芯微,223.90,7.98,A股,35.99亿,电子-半导体-数字芯片设计,瑞芯微,电子-半导体-数字芯片设计,国产芯片、专精特新、昨日高振幅、上证180_、国家大基金持股、2026中报预增、AI芯片、华为概念、小米概念、趋势股、智能穿戴、消费电子概念、HS300_、大盘成长、2025三季报预增、腾讯概念、电力物联网、2026一季报预增、百度概念、智能家居、人工智能、中国AI 50、科技风格、MCU芯片、2025年报预增、物联网、MSCI中国、机器人概念、福建自贸区、融资融券、AI眼镜、虚拟现实、智能座舱、沪股通、ASIC芯片、半导体概念、大盘股、智能音箱、机器视觉、人形机器人、比亚迪概念、海峡两岸、股权激励、汽车芯片、EDR概念,16.540,227.00,207.00,3.91,2.70,1651.78万,71.92,20.0502,946.98亿,946.86亿
69,603259,药明康德,123.78,2.24,A股,35.87亿,医药生物-医疗服务-医疗研发外包,药明康德,医药生物-医疗服务-医疗研发外包,CAR-T细胞疗法、CRO、创新医疗服务、宁组合、权重股、融资融券、行业龙头、上证180_、贬值受益、沪股通、标准普尔、大盘股、医药医疗风格、HS300_、上证50_、茅指数、独角兽、富时罗素、创新药、2025年报预增、MSCI中国,2.710,125.53,120.00,1.18,1.75,2911.96万,19.85,4.6451,3693.29亿,3061.43亿
70,600276,恒瑞医药,56.67,1.91,A股,35.22亿,医药生物-化学制药-化学制剂,恒瑞医药,医药生物-化学制药-化学制剂,上证180_、证金持股、标准普尔、医药医疗风格、创投、HS300_、大盘成长、仿制药一致性评价、医药电商、中药概念、眼科医疗、央视50_、辅助生殖、富时罗素、创新药、MSCI中国、细胞免疫治疗、权重股、医疗器械概念、融资融券、GLP-1制剂、沪股通、绿色电力、大盘股、上证50_、单抗概念、茅指数、股权激励、减肥药、智能医疗、PD-1,1.060,57.39,54.55,0.99,2.12,6292.24万,41.20,6.0324,3761.30亿,3614.98亿
71,600378,昊华科技,64.23,-2.98,A股,35.15亿,基础化工-化学制品-氟化工,昊华科技,基础化工-化学制品-氟化工,国产芯片、钠离子电池、六氟磷酸锂、中盘股、西部大开发、昨日高振幅、页岩气、燃料电池概念、新能源车、电池技术、成渝特区、固态电池、中芯概念、2026一季报预增、央国企改革、磷化工、PVDF概念、富时罗素、电子特气、航母概念、军工、大飞机、融资融券、液冷概念、俄乌冲突概念、上证380、中证500、养老金、沪股通、商业航天、氦气概念、碳交易、PCB、氟化工概念、氢能源、工业气体、煤化工概念、锂电池概念、氢氟酸、股权激励、碳中和,-1.970,70.50,63.50,4.85,2.57,5199.15万,67.25,4.5839,828.57亿,688.91亿
72,002709,天赐材料,42.00,1.30,A股,33.84亿,电力设备-电池-电池化学品,天赐材料,电力设备-电池-电池化学品,钠离子电池、六氟磷酸锂、周期股、深证100R、昨日高振幅、新能源车、2026中报预增、标准普尔、深成500、宁德时代概念、先进制造风格、东方财富热股、电池技术、HS300_、固态电池、富时罗素、2025年报预增、PEEK材料概念、MSCI中国、动力电池回收、融资融券、深股通、大盘股、氟化工概念、氢能源、硫化物、新材料、锂电池概念、比亚迪概念、有机硅概念、大盘价值、氢氟酸、特斯拉概念,0.540,44.34,41.77,5.23,3.09,7886.84万,12.94,4.6350,856.20亿,633.78亿
73,300059,东方财富,20.26,-1.60,A股,33.82亿,非银金融-证券Ⅱ-证券Ⅲ,东方财富,非银金融-证券Ⅱ-证券Ⅲ,区块链、周期股、鸿蒙概念、深证100R、参股期货、证金持股、互联网保险、深成500、东方财富热股、HS300_、互联网金融、AI应用、DeepSeek概念、人工智能、富时罗素、金融地产风格、网红经济、MSCI中国、数据要素、权重股、融资融券、深股通、虚拟机器人、AIGC概念、券商概念、大盘股、互联网服务、国产软件、茅指数、创业板综、长江三角、大数据,-0.330,20.45,20.10,1.25,1.83,1.67亿,21.44,3.4002,3205.58亿,2705.38亿
74,688629,华丰科技,219.90,4.87,A股,33.73亿,国防军工-军工电子Ⅱ-军工电子Ⅲ,华丰科技,国防军工-军工电子Ⅱ-军工电子Ⅲ,中盘股、5G概念、西部大开发、高压快充、新能源车、光通信模块、铜缆高速连接、先进制造风格、华为概念、趋势股、腾讯概念、核能核电、央国企改革、CPO概念、MSCI中国、阿里概念、机器人概念、军工、融资融券、低空经济、2025年报扭亏、液冷概念、卫星通信、无人机、中盘成长、上证380、中证500、商业航天、沪股通、数据中心、卫星导航、比亚迪概念、高铁,10.220,228.16,212.22,3.33,2.33,1535.45万,244.84,35.5460,1029.41亿,1013.45亿
75,300857,协创数据,296.65,1.47,A股,33.65亿,电子-消费电子-消费电子零部件及组装,协创数据,电子-消费电子-消费电子零部件及组装,国产芯片、贬值受益、网络游戏、短剧互动游戏、存储芯片、深圳特区、深成500、AI智能体、智能穿戴、大盘成长、腾讯概念、2026一季报预增、AI应用、物联网、阿里概念、云游戏、机器人概念、融资融券、AIGC概念、智能音箱、数据中心、英伟达概念、大数据、光芯片、5G概念、东数西算、光通信模块、车联网、小米概念、通信技术、消费电子概念、跨境电商、算力租赁、智能家居、CPO概念、DeepSeek概念、人工智能、科技风格、2025年报预增、MSCI中国、人脸识别、云计算、安防概念、AI眼镜、深股通、算力概念、中证500、净水概念、大盘股、人形机器人、创业板综、汽车电子、EDR概念,4.290,309.65,291.01,2.31,2.73,1124.88万,48.37,28.3596,1451.74亿,1444.32亿
76,000657,中钨高新,77.65,2.18,A股,33.64亿,有色金属-小金属-钨,中钨高新,有色金属-小金属-钨,周期股、工业母机、深证100R、乡村振兴、昨日高振幅、海南自贸、金属钴、雅下水电概念、深成500、创投、HS300_、2026一季报预增、央国企改革、DeepSeek概念、小金属概念、富时罗素、中字头、MSCI中国、军工、金属铜、医疗器械概念、融资融券、深股通、养老金、金属回收、大盘股、PCB、光伏概念、新材料、可控核聚变、金属钨、高端装备、盾构机,1.660,80.11,75.33,2.97,2.14,4318.73万,48.02,17.4147,1769.34亿,1128.20亿
77,002747,埃斯顿,42.20,1.61,A股,33.59亿,机械设备-自动化设备-机器人,埃斯顿,机械设备-自动化设备-机器人,专精特新、工业母机、工业互联、深成500、宁德时代概念、新型工业化、长安汽车概念、东方财富热股、昨日高换手、趋势股、农机、人工智能、富时罗素、机器人概念、医疗器械概念、融资融券、2025年报扭亏、深股通、养老概念、小盘股、光伏概念、机器视觉、人形机器人、比亚迪概念、高端装备、小盘成长、智能医疗,0.670,42.77,40.30,10.29,2.35,8052.16万,104.36,12.6139,408.41亿,330.17亿
78,000066,中国长城,20.16,1.41,A股,33.37亿,计算机-计算机设备-其他计算机设备,中国长城,计算机-计算机设备-其他计算机设备,国产芯片、钠离子电池、中盘股、区块链、海工装备、数字经济、AIPC、CPU、深圳特区、深成500、交换机、东方财富热股、国产操作系统、中国AI 50、中字头、富时罗素、互联医疗、华为鲲鹏、军工、题材股、融资融券、液冷概念、商业航天、网络安全、华为系算力、数据中心、卫星导航、智能电网、大数据、北斗导航、数据中心液冷、5G概念、东数西算、昨日高振幅、车联网、标准普尔、华为概念、军民融合、通信技术、电池技术、消费电子概念、信创、央国企改革、百度概念、DeepSeek概念、人工智能、MSCI中国、量子科技、数据安全、充电桩、深股通、智慧城市、参股券商、锂电池概念、中特估、汽车电子,0.280,20.34,19.15,5.27,2.65,1.70亿,-194.43,5.9488,650.32亿,650.27亿
79,300458,全志科技,42.79,5.32,A股,33.11亿,电子-半导体-数字芯片设计,全志科技,电子-半导体-数字芯片设计,国产芯片、中盘股、深成500、存储芯片、AI芯片、东方财富热股、智能穿戴、腾讯概念、2026一季报预增、边缘计算、无人驾驶、富时罗素、物联网、阿里概念、机器人概念、融资融券、超清视频、中盘成长、半导体概念、小米机器人、汽车芯片、东数西算、车联网、2026中报预增、华为概念、小米概念、通信技术、长安汽车概念、消费电子概念、创投、2025三季报预增、中芯概念、百度概念、智能家居、横琴新区、DeepSeek概念、人工智能、MCU芯片、2025年报预增、AI眼镜、深股通、算力概念、虚拟现实、智能座舱、中证500、ASIC芯片、机器视觉、创业板综、WiFi、汽车电子、EDR概念,2.160,43.07,40.32,9.73,4.42,7922.79万,52.34,13.3364,425.08亿,348.32亿
80,688146,中船特气,334.50,-8.00,A股,33.01亿,电子-半导体-半导体材料,中船特气,电子-半导体-半导体材料,国产芯片、中盘股、融资融券、昨日高振幅、国家大基金持股、中盘成长、沪股通、半导体概念、氟化工概念、电池技术、趋势股、电解液添加剂、固态电池、中芯概念、工业气体、锂电池概念、光刻机/胶、央国企改革、科技风格、电子特气、中字头、中船系,-29.100,352.99,330.00,6.69,2.79,969.22万,437.10,30.7231,1770.88亿,484.93亿
81,688766,普冉股份,735.17,-3.53,A股,32.34亿,电子-半导体-数字芯片设计,普冉股份,电子-半导体-数字芯片设计,国产芯片、中盘股、融资融券、昨日高振幅、中盘成长、沪股通、半导体概念、存储芯片、华为概念、小米概念、智能穿戴、消费电子概念、智能家居、科技风格、汽车芯片、MCU芯片、物联网、无线耳机、汽车电子,-26.900,784.48,729.26,2.88,1.79,428.05万,108.84,40.5700,1093.22亿,1093.22亿
82,002916,深南电路,455.43,2.91,A股,32.25亿,电子-元件-印制电路板,深南电路,电子-元件-印制电路板,国产芯片、5G概念、周期股、深证100R、昨日高振幅、国家大基金持股、新能源车、存储芯片、标准普尔、深圳特区、深成500、华为概念、最近多板、通信技术、东方财富热股、HS300_、大盘成长、央国企改革、科技风格、富时罗素、富士康概念、2025年报预增、MSCI中国、融资融券、深股通、昨日首板、养老金、大盘股、苹果概念、先进封装、PCB、数据中心、中特估、服务器PCB、汽车电子、通信PCB,12.870,459.80,442.00,1.07,1.91,713.89万,91.22,18.8521,3102.24亿,3027.74亿
83,600703,三安光电,17.96,0.90,A股,32.19亿,电子-光学光电子-LED,三安光电,电子-光学光电子-LED,国产芯片、LED概念、周期股、数字经济、国家大基金持股、氮化镓、东方财富热股、大盘成长、无人驾驶、富时罗素、融资融券、低空经济、华为汽车、太空光伏、商业航天、金属回收、半导体概念、碳化硅、苹果概念、先进封装、数据中心、光伏概念、卫星导航、汽车芯片、MiniLED、光芯片、5G概念、昨日高振幅、光通信模块、新能源车、第三代半导体、标准普尔、小米概念、通信技术、消费电子概念、巨量转移、MicroLED、CPO概念、荣耀概念、科技风格、MSCI中国、卫星互联网、福建自贸区、安防概念、宁组合、AI眼镜、充电桩、沪股通、大盘股、蓝宝石、MicroLED芯片、比亚迪概念、海峡两岸、植物照明,0.160,18.69,17.69,3.54,2.49,1.77亿,331.90,2.5674,896.03亿,896.03亿
84,300136,信维通信,96.29,-3.43,A股,32.11亿,电子-消费电子-消费电子零部件及组装,信维通信,电子-消费电子-消费电子零部件及组装,国产芯片、中盘股、贬值受益、深圳特区、深成500、东方财富热股、智能穿戴、央视50_、富时罗素、无线充电、MLCC、物联网、机器人概念、低空经济、融资融券、无人机、商业航天、苹果概念、智能音箱、被动元件概念、卫星导航、无线耳机、5G概念、昨日高振幅、电子烟、车联网、柔性屏、华为概念、通信技术、消费电子概念、越疆机器人、毫米波概念、混合现实、科技风格、富士康概念、MSCI中国、卫星互联网、6G概念、AI眼镜、深股通、卫星通信、虚拟现实、中证500、UWB概念、一带一路、海峡两岸、创业板综、WiFi6、WiFi、汽车电子、特斯拉概念,-3.420,100.02,95.33,3.98,2.25,3282.58万,222.06,11.6825,931.67亿,794.59亿
85,688249,晶合集成,58.82,-9.80,A股,31.90亿,电子-半导体-集成电路制造,晶合集成,电子-半导体-集成电路制造,国产芯片、融资融券、上证180_、沪股通、半导体概念、大盘股、趋势股、消费电子概念、大盘成长、MicroLED、央国企改革、科技风格、OLED、MCU芯片、汽车芯片、MSCI中国、量子科技、安徽三资改革、MiniLED,-6.390,65.21,57.20,2.61,3.15,5234.83万,645.50,5.9670,1308.01亿,1180.87亿
86,601899,紫金矿业,27.79,0.62,A股,31.73亿,有色金属-工业金属-铜,紫金矿业,有色金属-工业金属-铜,周期股、上证180_、证金持股、贬值受益、金属钴、2026中报预增、黄金加工、标准普尔、黄金开采、东方财富热股、金属锌、HS300_、盐湖提锂、央国企改革、金属铅、小金属概念、富时罗素、2025年报预增、MSCI中国、黄金概念、金属铜、福建自贸区、权重股、稀缺资源、融资融券、行业龙头、沪股通、大盘股、氢能源、铜矿、上证50_、一带一路、锂电池概念、锂矿概念,0.170,28.01,27.08,0.56,1.48,1.15亿,9.20,3.9000,7389.56亿,5725.24亿
87,688362,甬矽电子,116.46,1.45,A股,31.63亿,电子-半导体-集成电路封测,甬矽电子,电子-半导体-集成电路封测,国产芯片、专精特新、融资融券、5G概念、昨日高振幅、数字货币、近期新高、沪股通、半导体概念、先进封装、东方财富热股、小盘股、趋势股、消费电子概念、历史新高 、百日新高 、MCU芯片、2025年报预增、小盘成长、传感器、汽车电子,1.660,120.80,112.91,5.99,2.49,2705.80万,493.96,13.9244,525.72亿,525.72亿
88,600498,XD烽火通,57.22,0.74,A股,31.53亿,通信-通信设备-通信网络设备及器件,烽火通信,通信-通信设备-通信网络设备及器件,国产芯片、国资云概念、中盘股、海工装备、AI智能体、空芯光纤、华为昇腾、富时罗素、华为鲲鹏、数据要素、智慧政务、融资融券、液冷概念、中盘成长、上证380、F5G概念、商业航天、特高压、网络安全、华为系算力、数据中心、卫星导航、光纤概念、汽车芯片、智能医疗、湖北三资改革、大数据、湖北自贸、光纤光缆、数据中心液冷、5G概念、东数西算、IPv6、昨日高振幅、光通信模块、数字乡村、标准普尔、通信技术、创投、央国企改革、CPO概念、DeepSeek概念、人工智能、科技风格、MCU芯片、MSCI中国、卫星互联网、云计算、数据安全、6G概念、算力概念、中证500、沪股通、智慧城市、一带一路、中特估、WiFi6,0.420,59.20,56.56,4.29,2.90,5451.38万,506.05,4.4560,777.14亿,727.62亿
89,002436,兴森科技,44.29,-0.36,A股,31.25亿,电子-元件-印制电路板,兴森科技,电子-元件-印制电路板,国产芯片、中盘股、5G概念、昨日高振幅、光通信模块、标准普尔、深圳特区、深成500、存储芯片、华为概念、军民融合、最近多板、通信技术、东方财富热股、互联网金融、高带宽内存、毫米波概念、CPO概念、科技风格、富时罗素、机器人概念、卫星互联网、军工、6G概念、低空经济、融资融券、2025年报扭亏、深股通、昨日首板、中证500、商业航天、半导体概念、先进封装、PCB、玻璃基板、6G元器件、先进封装材料、通信PCB,-0.160,45.97,43.80,4.56,2.52,6927.12万,1004.00,14.2401,752.79亿,672.29亿
90,002049,紫光国微,89.11,2.32,A股,30.86亿,电子-半导体-数字芯片设计,紫光国微,电子-半导体-数字芯片设计,国产芯片、区块链、5G概念、深证100R、IGBT概念、转债标的、车联网、第三代半导体、EDA概念、存储芯片、标准普尔、深成500、AI芯片、通信技术、消费电子概念、智能穿戴、HS300_、高带宽内存、京津冀一体化、CPO概念、人工智能、富时罗素、MCU芯片、物联网、MSCI中国、卫星互联网、军工、大飞机、移动支付、融资融券、数字货币、深股通、算力概念、商业航天、ASIC芯片、半导体概念、大盘股、碳化硅、蓝宝石、卫星导航、ETC、汽车芯片、DRAM存储、汽车电子,2.020,89.20,85.58,4.16,2.91,3537.22万,56.62,5.5409,757.10亿,757.00亿
91,605358,立昂微,66.47,4.23,A股,30.63亿,电子-半导体-半导体材料,立昂微,电子-半导体-半导体材料,国产芯片、光芯片、专精特新、中盘股、5G概念、IGBT概念、昨日高振幅、新能源车、第三代半导体、氮化镓、存储芯片、最近多板、通信技术、东方财富热股、中芯概念、CPO概念、人工智能、无人驾驶、物联网、电网概念、机器人概念、卫星互联网、融资融券、充电桩、昨日首板、中证500、商业航天、沪股通、硅能源、半导体概念、光伏概念、卫星导航、人形机器人、比亚迪概念、智能电网、半导体硅片、汽车芯片、汽车电子,2.700,68.18,64.01,5.96,2.73,4604.82万,1776.15,5.0073,513.28亿,513.28亿
92,600172,黄河旋风,18.72,0.11,A股,30.59亿,机械设备-通用设备-磨具磨料,黄河旋风,机械设备-通用设备-磨具磨料,题材股、培育钻石、融资融券、昨日高振幅、第三代半导体、沪股通、旅游概念、标准普尔、节能环保、小盘价值、东方财富热股、小盘股、昨日高换手、趋势股、新材料、超硬材料、央国企改革,0.020,19.80,18.33,12.61,2.11,1.61亿,-69.92,58.2311,269.98亿,238.92亿
93,688017,XD绿的谐,409.01,0.23,A股,29.64亿,机械设备-自动化设备-机器人,绿的谐波,机械设备-自动化设备-机器人,专精特新、中盘股、医疗器械概念、融资融券、中盘成长、上证380、中证500、沪股通、半导体概念、新型工业化、先进制造风格、新能源、人形机器人、中国AI 50、2025年报预增、减速器、机器人执行器、机器人概念,0.940,422.00,390.99,3.94,1.45,722.70万,574.43,21.2399,749.84亿,749.84亿
94,300433,蓝思科技,45.69,-2.23,A股,29.09亿,电子-消费电子-消费电子零部件及组装,蓝思科技,电子-消费电子-消费电子零部件及组装,深证100R、AIPC、贬值受益、3D打印、深成500、宁德时代概念、新型工业化、智能穿戴、太空算力、蚂蚁概念、OLED、富时罗素、机器人概念、融资融券、人脑工程、光伏玻璃、液冷概念、太空光伏、商业航天、苹果概念、先进封装、光伏概念、玻璃基板、光纤概念、无线耳机、电子烟、元宇宙概念、新能源车、灵巧手、工业互联、柔性屏、华为概念、小米概念、TOPCON电池、消费电子概念、HS300_、AI手机结构件、越疆机器人、智能家居、荣耀概念、混合现实、科技风格、MSCI中国、AI手机、AI眼镜、充电桩、深股通、虚拟现实、智能座舱、大盘股、蓝宝石、新材料、人形机器人、小米汽车、比亚迪概念、创业板综、减速器、智能物流、传感器、汽车电子、3D玻璃、特斯拉概念,-1.040,47.12,45.22,1.27,1.75,6309.25万,-402.96,4.6033,2411.33亿,2270.16亿
95,688396,华润微,86.31,-6.89,A股,29.06亿,电子-半导体-集成电路制造,华润微,电子-半导体-集成电路制造,国产芯片、IGBT概念、上证180_、国家大基金持股、新能源车、工业互联、第三代半导体、氮化镓、存储芯片、宁德时代概念、小米概念、消费电子概念、HS300_、央国企改革、CPO概念、科技风格、无线充电、MCU芯片、MSCI中国、机器人概念、融资融券、充电桩、沪股通、半导体概念、先进封装、大盘股、碳化硅、数据中心、比亚迪概念、中特估、智能电网、先进封装材料、汽车芯片、传感器、汽车电子,-6.390,94.60,84.08,2.46,3.86,3267.82万,86.85,4.9670,1146.38亿,1146.38亿
96,600150,中国船舶,37.54,4.10,A股,28.95亿,国防军工-航海装备Ⅱ-航海装备Ⅲ,中国船舶,国防军工-航海装备Ⅱ-航海装备Ⅲ,海工装备、上证180_、航运概念、先进制造风格、军民融合、HS300_、大盘成长、2025三季报预增、央国企改革、DeepSeek概念、中字头、2025年报预增、航母概念、MSCI中国、破增发价股、军工、船舶制造、融资融券、行业龙头、沪股通、商业航天、大盘股、IPO受益、上证50_、一带一路、中特估、海洋经济、高端装备、中船系、风能,1.480,37.85,35.73,1.04,2.31,7847.96万,14.62,1.8891,2825.12亿,2825.12亿
97,603005,晶方科技,47.41,4.91,A股,28.68亿,电子-半导体-集成电路封测,晶方科技,电子-半导体-集成电路封测,国产芯片、5G概念、昨日高振幅、贬值受益、3D摄像头、新能源车、第三代半导体、氮化镓、华为概念、最近多板、通信技术、东方财富热股、消费电子概念、高带宽内存、光刻机/胶、2025年报预增、融资融券、昨日首板、虚拟现实、上证380、沪股通、半导体概念、先进封装、小盘股、玻璃基板、生物识别、增强现实、汽车芯片、小盘成长、传感器、长江三角、汽车电子,2.220,49.18,46.48,9.18,3.54,5983.92万,118.13,6.6346,309.19亿,309.19亿
98,301217,铜冠铜箔,140.13,0.32,A股,28.54亿,电力设备-电池-锂电池,铜冠铜箔,电力设备-电池-锂电池,中盘股、融资融券、5G概念、2025年报扭亏、深股通、深成500、PET铜箔、锂电铜箔、宁德时代概念、PCB、先进制造风格、电池技术、固态电池、储能概念、锂电池概念、比亚迪概念、央国企改革、创业板综、固态铜箔、PCB铜箔、安徽三资改革,0.450,146.15,138.88,2.42,2.18,2004.56万,273.09,21.1176,1161.70亿,1161.70亿
99,002414,高德红外,14.64,9.99,A股,27.46亿,国防军工-军工电子Ⅱ-军工电子Ⅲ,高德红外,国防军工-军工电子Ⅱ-军工电子Ⅲ,国产芯片、全息技术、中盘股、鸿蒙概念、车联网、2026中报预增、标准普尔、深成500、先进制造风格、华为概念、军民融合、最近多板、东方财富热股、华为昇腾、智能家居、毫米波概念、人工智能、无人驾驶、富时罗素、MSCI中国、机器人概念、军工、安防概念、医疗器械概念、融资融券、低空经济、华为汽车、2025年报扭亏、深股通、昨日首板、无人机、中证500、商业航天、半导体概念、先进封装、机器视觉、导弹、智能电网、军贸、高端装备、汽车芯片、传感器、汽车电子、湖北自贸,1.330,14.64,14.21,5.53,14.92,1.88亿,42.72,8.4408,625.24亿,497.56亿
100,688432,有研硅,56.51,5.10,A股,27.45亿,电子-半导体-半导体材料,有研硅,电子-半导体-半导体材料,题材股、国产芯片、融资融券、昨日高振幅、近期新高、沪股通、绿色电力、硅能源、半导体概念、存储芯片、最近多板、东方财富热股、小盘股、趋势股、中芯概念、历史新高 、百日新高 、半导体硅片,2.740,58.80,50.02,3.93,2.51,4912.51万,352.01,15.9017,706.55亿,706.55亿
